,2000,2001,2002,2003,2004,2005,2006,2007,2008,2009,2010,2011,2012,2013,2014,2015,2016,2017,2018,2019,change,%_change,city,party
0,22.79098388677439,45.58196777354878,,22.79098388677439,,,,,,,,,,,,22.79098388677439,,,,22.79098388677439,0.0,0.0,"Adrian, MI",red
1,1.7670342097823013,1.7670342097823013,3.5340684195646026,5.301102629346904,1.7670342097823013,5.301102629346904,,3.5340684195646026,1.7670342097823013,,3.5340684195646026,,3.5340684195646026,1.7670342097823013,1.7670342097823013,7.068136839129205,1.7670342097823013,7.068136839129205,5.301102629346904,3.5340684195646026,1.7670342097823013,100.0,"Akron, OH",blue
2,12.629930409083446,,,,,,,,,,,12.629930409083446,,12.629930409083446,,,,12.629930409083446,12.629930409083446,,,,"Alameda, CA",blue
3,1.6742846618782126,,1.6742846618782126,1.6742846618782126,,,,,,,1.6742846618782126,3.348569323756425,,,,1.6742846618782126,,,1.6742846618782126,,,,"Albany, NY",blue
4,5.273406343644161,6.591757929555202,7.910109515466242,7.910109515466242,9.228461101377283,6.591757929555202,6.591757929555202,5.273406343644161,5.273406343644161,3.955054757733121,14.501867445021443,7.910109515466242,7.910109515466242,11.865164273199362,14.501867445021443,9.228461101377283,10.546812687288321,23.730328546398724,15.820219030932485,10.546812687288321,5.273406343644161,100.0,"Albuquerque, NM",blue
5,973.7098344693281,,,,,,,,,,,,,,,,,,,,,,"Altamont, TN",red
6,13.141295206055508,,,,,13.141295206055508,,,,,,,,13.141295206055508,,,,,,,,,"Altoona, PA",red
7,52.82341133590407,,,,,52.82341133590407,,,,,,,,,,,,,,,,,"Altus, OK",red
8,14.558018556620986,,4.852672852206996,24.26336426103498,,4.852672852206996,,9.705345704413991,4.852672852206996,,9.705345704413991,19.410691408827983,9.705345704413991,14.558018556620986,24.26336426103498,9.705345704413991,14.558018556620986,9.705345704413991,14.558018556620986,19.410691408827983,4.852672852206997,33.33333333333334,"Amarillo, TX",red
9,2604.1666666666665,,,,,,,,,,,,,,,,,,,,,,"Ambrose, GA",red
10,2.836903576484339,,5.673807152968678,11.347614305937356,2.836903576484339,5.673807152968678,11.347614305937356,5.673807152968678,8.510710729453017,17.021421458906033,2.836903576484339,5.673807152968678,14.184517882421694,,14.184517882421694,8.510710729453017,14.184517882421694,5.673807152968678,11.347614305937356,8.510710729453017,5.673807152968678,200.0,"Anaheim, CA",blue
11,16.021532940271726,,,,,16.021532940271726,,,,16.021532940271726,,,,,16.021532940271726,,,,16.021532940271726,,,,"Ankeny, IA",blue
12,630.517023959647,,,,,,,,,,,,,,,,,,,,,,"Arapahoe, WY",red
13,47.364183204660634,,,,,,,,,,,,,,,,,47.364183204660634,,,,,"Arnold, MO",red
14,650.6180871828237,,,,,,,,,,,,,,,,,,,,,,"Ashley, OH",red
15,0.9562514941429595,1.7212526894573272,1.912502988285919,0.7650011953143677,1.1475017929715516,1.5300023906287354,2.486253884771695,0.38250059765718386,1.912502988285919,0.19125029882859193,0.9562514941429595,1.7212526894573272,1.7212526894573272,1.1475017929715516,0.5737508964857758,0.9562514941429595,1.1475017929715516,1.7212526894573272,1.912502988285919,1.912502988285919,0.9562514941429595,100.0,"Atlanta, GA",blue
16,45.466945530599254,,,,,,,,,,45.466945530599254,,,,,,,,,,,,"Augusta, ME",red
17,1107.4197120708748,,,,,,,,,,,,,,,,,,,,,,"Augusta, MI",blue
18,5.455195118691408,10.910390237382815,,10.910390237382815,5.455195118691408,2.727597559345704,5.455195118691408,2.727597559345704,2.727597559345704,2.727597559345704,,16.365585356074224,8.182792678037112,2.727597559345704,5.455195118691408,10.910390237382815,5.455195118691408,,19.093182915419927,13.637987796728519,8.18279267803711,149.99999999999997,"Aurora, CO",blue
19,138.6001386001386,138.6001386001386,,554.4005544005544,138.6001386001386,277.2002772002772,,138.6001386001386,,138.6001386001386,,,,277.2002772002772,,,,138.6001386001386,138.6001386001386,,,,"Austell, GA",blue
20,0.6102338660268162,1.2204677320536323,0.6102338660268162,1.2204677320536323,1.2204677320536323,1.8307015980804484,0.6102338660268162,2.4409354641072647,0.6102338660268162,1.8307015980804484,2.4409354641072647,1.8307015980804484,1.8307015980804484,3.661403196160897,4.271637062187713,4.881870928214529,4.271637062187713,3.661403196160897,3.661403196160897,4.881870928214529,4.271637062187713,699.9999999999999,"Austin, TX",blue
21,3.4821245138083645,5.223186770712547,,,15.669560312137643,6.964249027616729,6.964249027616729,10.446373541425094,3.4821245138083645,15.669560312137643,6.964249027616729,15.669560312137643,3.4821245138083645,17.410622569041827,8.705311284520914,13.928498055233458,12.187435798329277,13.928498055233458,5.223186770712547,8.705311284520914,5.223186770712549,150.00000000000006,"Bakersfield, CA",red
22,4.607224865745468,1.8428899462981871,0.9214449731490936,1.8428899462981871,1.8428899462981871,2.7643349194472804,2.7643349194472804,6.450114812043655,3.2250574060218273,5.528669838894561,2.7643349194472804,2.303612432872734,5.989392325469108,7.371559785192749,3.2250574060218273,1.8428899462981871,4.607224865745468,2.7643349194472804,0.9214449731490936,2.7643349194472804,-1.8428899462981874,-40.00000000000001,"Baltimore, MD",blue
23,6.853856922309818,3.426928461154909,,1.7134642305774546,6.853856922309818,6.853856922309818,5.140392691732364,5.140392691732364,1.7134642305774546,3.426928461154909,,3.426928461154909,3.426928461154909,6.853856922309818,6.853856922309818,6.853856922309818,8.567321152887272,13.707713844619636,3.426928461154909,5.140392691732364,-1.7134642305774541,-24.999999999999993,"Baton Rouge, LA",blue
24,13.020324726898687,13.020324726898687,,,,,13.020324726898687,,,,13.020324726898687,,13.020324726898687,,,13.020324726898687,13.020324726898687,26.040649453797375,13.020324726898687,26.040649453797375,13.020324726898687,100.0,"Battle Creek, MI",red
25,48.60031104199067,,,,,,,,,,,,,,,,,,,,,,"Battle Ground, WA",blue
26,13.020155200249988,,13.020155200249988,,,,13.020155200249988,,,13.020155200249988,,,39.06046560074996,,13.020155200249988,13.020155200249988,13.020155200249988,,13.020155200249988,13.020155200249988,0.0,0.0,"Baytown, TX",blue
27,133.74348000534974,133.74348000534974,,,,,,,,,,,,,,,,,,,,,"Beebe, AR",red
28,24.01018031645418,,,,72.03054094936253,,48.02036063290836,,,,,,24.01018031645418,24.01018031645418,,,24.01018031645418,24.01018031645418,,24.01018031645418,0.0,0.0,"Belleville, IL",blue
29,6.923098224917616,6.923098224917616,,,,,6.923098224917616,6.923098224917616,,6.923098224917616,,6.923098224917616,,,,,,,,,,,"Bellevue, WA",blue
30,173.82235355466713,,,,,,,347.64470710933426,,,,,,,,,,,,,,,"Belton, SC",red
31,16.68362835549475,16.68362835549475,,33.3672567109895,,,,,,16.68362835549475,,,,,16.68362835549475,33.3672567109895,33.3672567109895,,,,,,"Benton Harbor, MI",red
32,27.941546285171423,,,,27.941546285171423,,,,,,,27.941546285171423,,27.941546285171423,,,83.82463885551427,,,,,,"Benton, AR",red
33,8.175010627513815,8.175010627513815,8.175010627513815,8.175010627513815,8.175010627513815,8.175010627513815,,,8.175010627513815,,16.35002125502763,16.35002125502763,,16.35002125502763,,,,8.175010627513815,,,,,"Berkeley, CA",blue
34,225.58087074216107,,,,,,,,,,,,,,,,,,,,,,"Berryville, VA",red
35,18.001800180018,,36.003600360036,,,,,,,,,,,,,,,,,,,,"Berwyn, IL",blue
36,15.83080040526849,,,,,,,,,,,,,,,,,,,,,,"Bethesda, MD",blue
37,28.998956037582648,,,,,28.998956037582648,,,,,,,,,,,,,,,,,"Beverly Hills, CA",blue
38,72.53735673872045,,,,,,,,,,,,,,,,,,,,,,"Bexley, OH",blue
39,1.3437446670133526,1.3437446670133526,,4.031234001040058,2.687489334026705,1.3437446670133526,5.37497866805341,4.031234001040058,5.37497866805341,6.718723335066764,5.37497866805341,6.718723335066764,6.718723335066764,1.3437446670133526,2.687489334026705,6.718723335066764,8.062468002080116,5.37497866805341,2.687489334026705,2.687489334026705,1.3437446670133526,100.0,"Birmingham, AL",blue
40,726.7441860465116,,,,,,,,,,,,363.3720930232558,,,,,,,,,,"Bloomingdale, GA",blue
41,7.413338077869703,,,,,7.413338077869703,,,,,,,,7.413338077869703,,,7.413338077869703,,,,,,"Bloomington, IL",red
42,10.188487009679063,,,,10.188487009679063,20.376974019358126,20.376974019358126,,,,20.376974019358126,,,20.376974019358126,10.188487009679063,10.188487009679063,,,,,,,"Boca Raton, FL",blue
43,2.595932692657145,,2.595932692657145,5.19186538531429,5.19186538531429,,2.595932692657145,2.595932692657145,,,,,2.595932692657145,,,2.595932692657145,7.787798077971434,5.19186538531429,7.787798077971434,2.595932692657145,0.0,0.0,"Boise, ID",red
44,481.46364949446314,,,1444.3909484833896,,,,,,,,,,,,,,,,,,,"Borrego Springs, CA",blue
45,262.8811777076761,,,,,,,,,,,,,,,,,,,,,,"Bosque Farms, NM",red
46,12.869681604077115,25.73936320815423,,,,12.869681604077115,,12.869681604077115,12.869681604077115,,12.869681604077115,12.869681604077115,38.609044812231346,12.869681604077115,,,,,,25.73936320815423,12.869681604077115,100.0,"Boynton Beach, FL",blue
47,91.34922809902257,,,,,,,,,,,,,,,,,,,,,,"Braselton, GA",red
48,17045.454545454544,,,,,,,,,,,,,,,,,,,5681.818181818182,-11363.636363636362,-66.66666666666666,"Braxton, MS",red
49,59.55926146515783,,,,,,,,,,,,,59.55926146515783,59.55926146515783,,,,119.11852293031566,,,,"Bristol, VA",red
50,1.3738905833539417,0.6869452916769708,,,2.0608358750309126,2.0608358750309126,3.434726458384854,3.434726458384854,1.3738905833539417,2.0608358750309126,2.7477811667078833,4.121671750061825,3.434726458384854,3.434726458384854,,0.6869452916769708,4.808617041738796,2.7477811667078833,1.3738905833539417,2.7477811667078833,1.3738905833539417,100.0,"Bronx, NY",blue
51,32.25182222795588,,,,,,,,,,,,32.25182222795588,32.25182222795588,,32.25182222795588,,,32.25182222795588,32.25182222795588,0.0,0.0,"Brooklyn Center, MN",blue
52,67.41724533135576,,,,,,,,,,,,,,,,,,,,,,"Brooklyn Park, MD",blue
53,3.4231595762889144,1.5214042561284065,2.28210638419261,3.8035106403210164,1.5214042561284065,1.9017553201605082,1.9017553201605082,1.5214042561284065,3.4231595762889144,2.28210638419261,1.141053192096305,1.5214042561284065,3.042808512256813,5.324914896449423,3.8035106403210164,0.3803510640321016,1.9017553201605082,2.6624574482247114,1.141053192096305,1.5214042561284065,-1.901755320160508,-55.55555555555556,"Brooklyn, NY",blue
54,83.04268393954493,,,,,83.04268393954493,,,,,,,,83.04268393954493,,,,83.04268393954493,,,,,"Broussard, LA",red
55,70.66638400113067,,,,,,,,,,,,,,,,70.66638400113067,,,,,,"Cahokia, IL",blue
56,125.96044841919638,,,,,,,,,,,,,,125.96044841919638,,,,,,,,"Camp Hill, PA",red
57,22.125199126792143,,3.68753318779869,,,3.68753318779869,,3.68753318779869,3.68753318779869,,,3.68753318779869,,3.68753318779869,,,,3.68753318779869,3.68753318779869,3.68753318779869,-18.437665938993455,-83.33333333333334,"Canton, OH",red
58,8.670770831526923,,,,,17.341541663053846,8.670770831526923,8.670770831526923,,,,,,,,,,,,,,,"Carlsbad, CA",blue
59,30.44325377496347,,,30.44325377496347,,,,,,60.88650754992694,,,,60.88650754992694,30.44325377496347,,30.44325377496347,,,60.88650754992694,30.44325377496347,100.0,"Carlsbad, NM",red
60,15.363107034766712,,,,15.363107034766712,,,,,,15.363107034766712,,,,,15.363107034766712,30.726214069533423,,,30.726214069533423,15.363107034766712,100.0,"Carmichael, CA",blue
61,598.0861244019138,,,,,,,,,,,,,,,,,,,,,,"Carnegie, OK",red
62,10.783415107564565,,21.56683021512913,,,21.56683021512913,,,,21.56683021512913,,,10.783415107564565,10.783415107564565,10.783415107564565,,,10.783415107564565,,10.783415107564565,0.0,0.0,"Carson, CA",blue
63,17.923074165680898,,,,,,,53.7692224970427,,,53.7692224970427,17.923074165680898,17.923074165680898,,35.846148331361796,17.923074165680898,17.923074165680898,,17.923074165680898,,,,"Cartersville, GA",red
64,64.66214031684449,,,,,,,,,,,,,64.66214031684449,,,129.32428063368897,,,,,,"Carthage, MO",red
65,70.99247479767145,,,70.99247479767145,,,,,,,,,,,,70.99247479767145,,,,,,,"Cayce, SC",red
66,5.3717232488182205,,10.743446497636441,,,5.3717232488182205,,,,5.3717232488182205,,,10.743446497636441,,,10.743446497636441,5.3717232488182205,,,5.3717232488182205,0.0,0.0,"Cedar Rapids, IA",blue
67,34.50179409329285,,,,,,,,,,,,,,,,,,,,,,"Central, LA",blue
68,20.535145902211635,20.535145902211635,,,20.535145902211635,20.535145902211635,20.535145902211635,20.535145902211635,,,,,,,,,20.535145902211635,,,,,,"Ceres, CA",blue
69,12.755590137377705,,,,,,6.377795068688853,,,6.377795068688853,,,,6.377795068688853,,,,,6.377795068688853,,,,"Champaign, IL",blue
70,7.890853711463043,3.9454268557315215,3.9454268557315215,7.890853711463043,7.890853711463043,,,,,,,3.9454268557315215,3.9454268557315215,,,3.9454268557315215,3.9454268557315215,3.9454268557315215,3.9454268557315215,,,,"Chandler, AZ",red
71,4.0889705471451485,,,1.3629901823817163,,1.3629901823817163,4.0889705471451485,1.3629901823817163,0.6814950911908582,1.3629901823817163,1.3629901823817163,0.6814950911908582,1.3629901823817163,2.7259803647634326,2.0444852735725743,2.7259803647634326,5.451960729526865,3.4074754559542906,3.4074754559542906,3.4074754559542906,-0.6814950911908579,-16.666666666666664,"Charlotte, NC",blue
72,4.9118084787637954,2.4559042393818977,7.367712718145694,7.367712718145694,14.735425436291388,2.4559042393818977,2.4559042393818977,2.4559042393818977,,12.27952119690949,4.9118084787637954,,2.4559042393818977,,,4.9118084787637954,4.9118084787637954,2.4559042393818977,4.9118084787637954,9.823616957527591,4.9118084787637954,100.0,"Chattanooga, TN",red
73,314.26775612822127,,,,,,,,314.26775612822127,,,,,,,,,314.26775612822127,,,,,"Chesnee, SC",red
74,33.44369753519949,,,33.44369753519949,,,,,,,,,,,,,,,,,,,"Chicago Heights, IL",blue
75,1.6136501896845798,1.3831287340153542,2.074693101023031,4.8409505690537395,1.9594323731884185,2.1899538288576443,2.881518195865321,3.457821835038385,3.457821835038385,2.7662574680307084,2.7662574680307084,3.918864746376837,1.8441716453538055,2.4204752845268698,3.918864746376837,1.7289109175191926,1.9594323731884185,1.9594323731884185,1.498389461849967,1.8441716453538055,0.23052145566922566,14.285714285714285,"Chicago, IL",blue
76,351.000351000351,,,,,,,,,,,,,,,,,,175.5001755001755,,,,"Chinle, AZ",blue
77,1.213405215458297,3.0335130386457427,0.6067026077291485,1.8201078231874457,5.460323469562337,2.426810430916594,0.6067026077291485,1.213405215458297,,0.6067026077291485,1.8201078231874457,3.6402156463748914,2.426810430916594,1.213405215458297,3.6402156463748914,3.0335130386457427,3.6402156463748914,3.6402156463748914,1.8201078231874457,0.6067026077291485,-0.6067026077291485,-50.0,"Cincinnati, OH",blue
78,547.0459518599562,,,,,,,,,,,,,,,547.0459518599562,,,,,,,"Clarkesville, GA",red
79,5.4689935411186275,,,,,,,,5.4689935411186275,,,,5.4689935411186275,,,,,,16.406980623355885,5.4689935411186275,0.0,0.0,"Clarksville, TN",red
80,8.657034273198688,8.657034273198688,8.657034273198688,,8.657034273198688,,17.314068546397376,,,8.657034273198688,8.657034273198688,,17.314068546397376,17.314068546397376,8.657034273198688,,,8.657034273198688,8.657034273198688,17.314068546397376,8.657034273198688,100.0,"Clearwater, FL",red
81,396.19651347068145,,,,,,,,,,,,,,,,,,,,,,"Clearwater, KS",red
82,2469.135802469136,,,,,,,,,,,,,,,,,,,,,,"Clearwater, NE",red
83,2.889567102394122,0.5779134204788244,4.045393943351771,5.201220784309419,4.6233073638305955,4.045393943351771,1.7337402614364732,2.3116536819152977,3.4674805228729464,3.4674805228729464,1.7337402614364732,4.045393943351771,1.7337402614364732,1.7337402614364732,2.3116536819152977,3.4674805228729464,0.5779134204788244,2.3116536819152977,2.889567102394122,2.889567102394122,0.0,0.0,"Cleveland, OH",blue
84,13.899699766485044,,,,,,27.79939953297009,,,,,13.899699766485044,13.899699766485044,,27.79939953297009,13.899699766485044,13.899699766485044,,,13.899699766485044,0.0,0.0,"Cleveland, TN",red
85,11.546410798203379,,,,11.546410798203379,,,,,,11.546410798203379,,,,11.546410798203379,,,,11.546410798203379,11.546410798203379,0.0,0.0,"Clifton, NJ",blue
86,370.23324694557573,,,,,,,,,,,,,,,,,,,,,,"Clinton, NJ",red
87,183.95879323031642,,,,,,,,,,,,,,,183.95879323031642,,,,,,,"Colby, KS",red
88,66.8493883280968,66.8493883280968,66.8493883280968,66.8493883280968,,133.6987766561936,,66.8493883280968,66.8493883280968,200.5481649842904,66.8493883280968,,,,,,66.8493883280968,,,,,,"College Park, GA",blue
89,4.808108393995634,1.6027027979985446,1.6027027979985446,9.616216787991268,6.410811191994179,6.410811191994179,1.6027027979985446,1.6027027979985446,1.6027027979985446,3.2054055959970893,1.6027027979985446,6.410811191994179,4.808108393995634,,1.6027027979985446,3.2054055959970893,3.2054055959970893,11.218919585989813,11.218919585989813,14.424325181986903,9.61621678799127,200.00000000000006,"Colorado Springs, CO",red
90,1.7662664306934714,3.532532861386943,7.065065722773886,,,,3.532532861386943,1.7662664306934714,1.7662664306934714,1.7662664306934714,,7.065065722773886,10.597598584160828,10.597598584160828,3.532532861386943,3.532532861386943,1.7662664306934714,1.7662664306934714,7.065065722773886,,,,"Columbia, SC",blue
91,5.2345264127659625,4.580210611170218,2.6172632063829813,2.6172632063829813,2.6172632063829813,1.3086316031914906,6.543158015957454,3.271579007978727,5.888842214361709,2.6172632063829813,3.271579007978727,5.888842214361709,4.580210611170218,2.6172632063829813,3.9258948095744723,4.580210611170218,4.580210611170218,2.6172632063829813,10.469052825531925,2.6172632063829813,-2.6172632063829813,-50.0,"Columbus, OH",blue
92,17.881730236217656,,,,,17.881730236217656,,,,17.881730236217656,17.881730236217656,17.881730236217656,,,,,,35.76346047243531,,,,,"Commerce City, CO",blue
93,3.054507689723109,,3.054507689723109,3.054507689723109,,,,,,,1.5272538448615545,1.5272538448615545,,,3.054507689723109,,1.5272538448615545,1.5272538448615545,,1.5272538448615545,-1.5272538448615545,-50.0,"Concord, CA",blue
94,11.851430467657446,,,11.851430467657446,,,,23.70286093531489,11.851430467657446,23.70286093531489,11.851430467657446,11.851430467657446,11.851430467657446,23.70286093531489,11.851430467657446,11.851430467657446,35.55429140297234,23.70286093531489,11.851430467657446,,,,"Conroe, TX",red
95,118.02195208308746,,,,,,,,,,,,,,,118.02195208308746,,118.02195208308746,,,,,"Corning, CA",red
96,5.958197287828595,5.958197287828595,11.91639457565719,,5.958197287828595,11.91639457565719,5.958197287828595,5.958197287828595,11.91639457565719,,5.958197287828595,5.958197287828595,11.91639457565719,5.958197287828595,,,,,11.91639457565719,,,,"Corona, CA",blue
97,2.9288151478319446,2.9288151478319446,8.786445443495834,2.9288151478319446,5.857630295663889,2.9288151478319446,8.786445443495834,11.715260591327779,,5.857630295663889,,8.786445443495834,5.857630295663889,8.786445443495834,,5.857630295663889,5.857630295663889,2.9288151478319446,5.857630295663889,8.786445443495834,5.85763029566389,200.00000000000006,"Corpus Christi, TX",red
98,8.785416209092906,,,17.570832418185812,,,,8.785416209092906,,,,17.570832418185812,,,8.785416209092906,,8.785416209092906,,,,,,"Costa Mesa, CA",blue
99,167.6727028839705,,,,,,,,,,,,,,,,,,,,,,"Countryside, IL",blue
100,54.62988254575252,,,,54.62988254575252,,,,,,,,,,,,,,54.62988254575252,,,,"Crawfordsville, IN",red
101,192.52984212552946,,,,,,,192.52984212552946,,,,192.52984212552946,,,,,,,,,,,"Creve Coeur, IL",red
102,830.5647840531561,,,,,,,,,,,,,,,,,,,,,,"Cripple Creek, CO",red
103,408.9979550102249,,,,,,,,,,,,,,,,,,,,,,"Crownpoint, NM",blue
104,0.17442086603797247,0.17442086603797247,0.34884173207594493,1.3953669283037797,1.2209460622658073,0.17442086603797247,1.2209460622658073,2.4418921245316145,1.5697877943417522,1.9186295264176974,2.9651547226455324,0.8721043301898623,2.9651547226455324,2.4418921245316145,3.662838186797422,1.9186295264176974,1.3953669283037797,0.8721043301898623,1.5697877943417522,1.3953669283037797,1.2209460622658073,700.0,"Dallas, TX",blue
105,18.67867082578404,,,,,,,,,,,,,,,,,9.33933541289202,9.33933541289202,,,,"Daly City, CA",blue
106,20.610907292139,,,,,,20.610907292139,,20.610907292139,,20.610907292139,20.610907292139,,20.610907292139,20.610907292139,,,,20.610907292139,20.610907292139,0.0,0.0,"Danville, IL",red
107,21.215657154980374,,21.215657154980374,,,,,,,,42.43131430996075,,21.215657154980374,,,,21.215657154980374,,42.43131430996075,,,,"Danville, VA",blue
108,10.583018488533298,10.583018488533298,,10.583018488533298,,,,,21.166036977066597,10.583018488533298,21.166036977066597,,,,10.583018488533298,,10.583018488533298,,10.583018488533298,,,,"Dearborn, MI",blue
109,41.96038939241356,83.92077878482712,83.92077878482712,83.92077878482712,,,125.88116817724068,,,,,83.92077878482712,167.84155756965424,125.88116817724068,209.8019469620678,41.96038939241356,,83.92077878482712,41.96038939241356,125.88116817724068,83.92077878482712,200.0,"Decatur, GA",blue
110,14.545666118779911,,14.545666118779911,,29.091332237559822,14.545666118779911,14.545666118779911,,,14.545666118779911,,,,,29.091332237559822,,,14.545666118779911,14.545666118779911,,,,"Delray Beach, FL",blue
111,1.0763235371148645,3.587745123716215,1.435098049486486,4.305294148459458,1.7938725618581075,0.717549024743243,1.7938725618581075,1.7938725618581075,2.152647074229729,1.0763235371148645,2.152647074229729,1.0763235371148645,1.0763235371148645,2.152647074229729,2.152647074229729,2.152647074229729,2.152647074229729,1.0763235371148645,4.305294148459458,3.9465196360878365,2.870196098972972,266.66666666666663,"Denver, CO",blue
112,2.8391297953612025,1.4195648976806012,2.5552168158250823,1.7034778772167216,1.135651918144481,1.9873908567528418,4.258694693041805,2.5552168158250823,3.6908687339695634,2.5552168158250823,2.8391297953612025,1.4195648976806012,1.4195648976806012,1.9873908567528418,3.6908687339695634,3.6908687339695634,1.135651918144481,3.4069557544334432,2.8391297953612025,1.7034778772167216,-1.1356519181444809,-40.0,"Detroit, MI",blue
113,64.41223832528179,,,,,,,,,,,,,,,,,,,,,,"Discovery Bay, CA",blue
114,13.962580284836637,,,27.925160569673274,41.887740854509914,13.962580284836637,,13.962580284836637,13.962580284836637,,13.962580284836637,13.962580284836637,27.925160569673274,,27.925160569673274,,,13.962580284836637,,13.962580284836637,0.0,0.0,"Dothan, AL",red
115,29.695619896065327,,,29.695619896065327,,29.695619896065327,,,,,,,,,,29.695619896065327,,,29.695619896065327,,,,"Douglasville, GA",blue
116,8.842358433841474,,17.684716867682948,,,8.842358433841474,8.842358433841474,8.842358433841474,,,8.842358433841474,17.684716867682948,,,,8.842358433841474,,,,,,,"Downey, CA",blue
117,180.27762754642148,,,,,,,,,180.27762754642148,,,,,,,,,,,,,"Duquesne, PA",blue
118,100.72522159548751,,,,,,,,,,,,,,,,,,,,,,"East Rutherford, NJ",blue
119,37.50656364863851,37.50656364863851,,37.50656364863851,75.01312729727702,,37.50656364863851,75.01312729727702,37.50656364863851,,37.50656364863851,112.51969094591554,37.50656364863851,,,,75.01312729727702,,,,,,"East St. Louis, IL",blue
120,30.758820091661285,,,,,,,,,,,,,,30.758820091661285,,,,,,,,"Eastpointe, MI",red
121,219.01007446342533,,,,,,,,,,,,,,,,,,,,,,"Edgefield, SC",red
122,19.246314330805653,,19.246314330805653,,,,,,,,,,,,,,,,,19.246314330805653,0.0,0.0,"Edina, MN",blue
123,239.57834211787255,,,,,,,,239.57834211787255,,,,,,,,,,,,,,"Egg Harbor City, NJ",blue
124,1.182488760444332,,,4.729955041777328,,,3.547466281332996,5.912443802221659,4.729955041777328,2.364977520888664,2.364977520888664,3.547466281332996,2.364977520888664,7.094932562665992,1.182488760444332,4.729955041777328,3.547466281332996,3.547466281332996,3.547466281332996,4.729955041777328,3.547466281332996,300.0,"El Paso, TX",blue
125,59.33661662611998,,,,,,,59.33661662611998,59.33661662611998,,,,,,59.33661662611998,,,,,,,,"El Segundo, CA",blue
126,8.89236679234545,,,,,,,8.89236679234545,,,,8.89236679234545,,,8.89236679234545,,,,8.89236679234545,,,,"Elgin, IL",blue
127,7.679606804131628,7.679606804131628,,,,,,,,7.679606804131628,15.359213608263255,15.359213608263255,,,7.679606804131628,7.679606804131628,7.679606804131628,,,,,,"Elizabeth, NJ",blue
128,239.40627244433804,,,,,,,,,,,,,,,,,,,,,,"Empire, CA",blue
129,25.32030181799767,,,25.32030181799767,,,,25.32030181799767,25.32030181799767,,,,,,,25.32030181799767,,,,,,,"Essex, MD",blue
130,21.185991822207157,21.185991822207157,,,21.185991822207157,,21.185991822207157,,,,,,,,,,,21.185991822207157,,42.371983644414314,21.185991822207157,100.0,"Euclid, OH",blue
131,4.305056288610974,,4.305056288610974,4.305056288610974,,,,,8.610112577221948,4.305056288610974,,8.610112577221948,4.305056288610974,,,,4.305056288610974,21.52528144305487,8.610112577221948,17.220225154443895,12.915168865832921,300.0,"Evansville, IN",red
132,132.91686050375492,66.45843025187746,,,,,,,,,,,,,,,,,,,,,"Ewa Beach, HI",blue
133,87.62705923589205,,,,,87.62705923589205,,,,,,,,,,,,,,,,,"Excelsior Springs, MO",red
134,41.49894177698469,,,41.49894177698469,,,41.49894177698469,,,,,,,41.49894177698469,,,,,,,,,"Fairfax, VA",blue
135,203.3760423022168,,,,,,,,,,,,,,,,,,,203.3760423022168,0.0,0.0,"Fairfield, IL",red
136,107.50376263169211,,,,,,,,,,,,107.50376263169211,,,,,,,,,,"Fairview, OR",blue
137,68.57299595419325,,,,,,,,,,,,,,,,137.1459919083865,,,,,,"Falls Church, VA",blue
138,92.78159213212098,,,,,,,,,,,,,,,92.78159213212098,,,,,,,"Farmersville, CA",red
139,43.35197468244679,,,,,,,,,,,,,,,,,43.35197468244679,,,,,"Farmington, MN",blue
140,19.027685282085432,,,,,,19.027685282085432,19.027685282085432,,,19.027685282085432,,,57.08305584625631,19.027685282085432,,19.027685282085432,38.055370564170865,38.055370564170865,19.027685282085432,0.0,0.0,"Farmington, NM",red
141,3.079765937788728,3.079765937788728,,,,,12.319063751154912,3.079765937788728,6.159531875577456,,3.079765937788728,9.239297813366184,9.239297813366184,9.239297813366184,24.638127502309825,,3.079765937788728,6.159531875577456,12.319063751154912,9.239297813366184,6.159531875577455,199.99999999999997,"Fayetteville, NC",blue
142,12.71811568398026,,,,,,12.71811568398026,12.71811568398026,,,25.43623136796052,,,,,,38.15434705194078,12.71811568398026,12.71811568398026,38.15434705194078,25.436231367960524,200.00000000000006,"Flagstaff, AZ",blue
143,2.9819235792625105,14.909617896312554,,,2.9819235792625105,11.927694317050042,11.927694317050042,5.963847158525021,2.9819235792625105,2.9819235792625105,,5.963847158525021,2.9819235792625105,2.9819235792625105,17.891541475575064,,2.9819235792625105,,8.945770737787532,8.945770737787532,5.963847158525022,200.00000000000006,"Flint, MI",blue
144,286.7794665901921,,,286.7794665901921,,,,,,,,,,,,,,,,,,,"Fordyce, AR",red
145,11.106668443733618,5.553334221866809,,16.660002665600427,11.106668443733618,,27.766671109334045,11.106668443733618,22.213336887467236,27.766671109334045,5.553334221866809,,5.553334221866809,22.213336887467236,11.106668443733618,11.106668443733618,,5.553334221866809,11.106668443733618,5.553334221866809,-5.553334221866809,-50.0,"Fort Lauderdale, FL",blue
146,12.508912600227664,,,12.508912600227664,,25.017825200455327,12.508912600227664,12.508912600227664,12.508912600227664,25.017825200455327,12.508912600227664,12.508912600227664,25.017825200455327,25.017825200455327,,,25.017825200455327,,12.508912600227664,,,,"Fort Myers, FL",red
147,141.88422247446084,,,141.88422247446084,,,,,,,,,,141.88422247446084,,,,,,,,,"Fort Payne, AL",red
148,105.09721492380451,,,,,,,,,,,,,,,,,,,,,,"Fort Valley, GA",red
149,75.23322299127295,,,,75.23322299127295,,,,,,,,,,,75.23322299127295,,,,,,,"Franklin, LA",red
150,111.30899376669635,,,,,,,,,,111.30899376669635,,,,,,,,,,,,"Franklin, PA",red
151,7.1631082732467934,4.297864963948077,11.46097323719487,10.028351582545511,12.893594891844227,10.028351582545511,10.028351582545511,4.297864963948077,5.730486618597435,15.758838201142945,7.1631082732467934,14.326216546493587,8.595729927896153,12.893594891844227,14.326216546493587,8.595729927896153,4.297864963948077,5.730486618597435,5.730486618597435,7.1631082732467934,0.0,0.0,"Fresno, CA",blue
152,128.12299807815504,,,,,,42.707666026051676,,,,,,,,,,42.707666026051676,,,,,,"Gallup, NM",blue
153,33.209351753453774,16.604675876726887,16.604675876726887,,33.209351753453774,33.209351753453774,16.604675876726887,16.604675876726887,,,16.604675876726887,33.209351753453774,,16.604675876726887,,49.814027630180654,,16.604675876726887,16.604675876726887,16.604675876726887,-16.604675876726887,-50.0,"Gardena, CA",blue
154,12.60493609297401,,,,,8.40329072864934,8.40329072864934,,,12.60493609297401,,4.20164536432467,8.40329072864934,4.20164536432467,8.40329072864934,12.60493609297401,,,8.40329072864934,12.60493609297401,0.0,0.0,"Garland, TX",blue
155,26.313019682138723,,,13.156509841069361,,,13.156509841069361,13.156509841069361,,39.46952952320808,26.313019682138723,26.313019682138723,,39.46952952320808,13.156509841069361,,,39.46952952320808,39.46952952320808,13.156509841069361,-13.156509841069361,-50.0,"Gary, IN",blue
156,4.126195565165006,,4.126195565165006,,,,,4.126195565165006,,,,,,,4.126195565165006,4.126195565165006,4.126195565165006,,4.126195565165006,,,,"Gilbert, AZ",red
157,1584.7860538827258,,,,,,,,,,,,,,,,,,,,,,"Gilbert, SC",red
158,910.7468123861566,,,,,,,,,,,,,,,,,,,,,,"Gilcrest, CO",red
159,1449.2753623188405,,,,,,,,,,,,,,,,,,,,,,"Gillett, AR",red
160,148.8316713796696,,,,,,,,,,,,,,,,,,,,,,"Glendive, MT",red
161,773.9938080495357,,,,,,,,,,,,,,,,,,,,,,"Goodman, MS",blue
162,1079.9136069114472,,,,,,,,,,,,,,,,,,,,,,"Grand Coteau, LA",red
163,18.718179095537586,,,18.718179095537586,18.718179095537586,,,18.718179095537586,,,,,,,,,,,18.718179095537586,37.43635819107517,18.718179095537586,100.0,"Grand Island, NE",red
164,3663.003663003663,,,,,,,,,,,,,,,,,,,,,,"Grand Junction, TN",red
165,280.97780275358247,,,,,,,,,,,,,,,,,,,,,,"Grasonville, MD",red
166,2481.3895781637716,,,,,,,,,,,,,,,,,,,,,,"Gray Court, SC",red
167,690.1311249137336,,,,,,,,,,,,,,,,,,,,,,"Greene, NY",red
168,32.00716960599174,,,32.00716960599174,64.01433921198348,,,32.00716960599174,,32.00716960599174,,,,,32.00716960599174,64.01433921198348,,32.00716960599174,64.01433921198348,32.00716960599174,0.0,0.0,"Greenville, MS",blue
169,118.70845204178538,,,,,,,118.70845204178538,,,,,,,,,,,,,,,"Gridley, CA",red
170,70.876745339854,,,,,,,,,,,,,70.876745339854,,,,,,70.876745339854,0.0,0.0,"Grovetown, GA",red
171,4.517772918662016,,,4.517772918662016,,,4.517772918662016,,4.517772918662016,,,4.517772918662016,,,4.517772918662016,4.517772918662016,4.517772918662016,9.035545837324031,13.553318755986048,,,,"Gulfport, MS",red
172,104.66820180029308,,,,,,,,,,,,,,,,,104.66820180029308,,,,,"Hackettstown, NJ",red
173,41.145490454246215,,82.29098090849243,,41.145490454246215,,,,,,,,,,,,,,,,,,"Haines City, FL",red
174,3086.4197530864194,,,,,,,,,,,,,,,,,,,,,,"Hardyville, KY",red
175,313.5779241141424,,,,,,,,,,,,,,,,,,,,,,"Harlem, GA",red
176,7.300975410314818,,,,,7.300975410314818,7.300975410314818,,,,,,7.300975410314818,7.300975410314818,,7.300975410314818,,,14.601950820629636,,,,"Harlingen, TX",blue
177,2.2645953168168846,,,2.2645953168168846,2.2645953168168846,2.2645953168168846,4.529190633633769,2.2645953168168846,,,4.529190633633769,,9.058381267267539,4.529190633633769,2.2645953168168846,,2.2645953168168846,4.529190633633769,9.058381267267539,,,,"Harrisburg, PA",blue
178,395.41320680110715,,,,,,,,,,395.41320680110715,,,,,,,,,,,,"Hart, MI",red
179,1.093193666910449,,,2.186387333820898,1.093193666910449,1.093193666910449,1.093193666910449,,2.186387333820898,,,,2.186387333820898,1.093193666910449,1.093193666910449,2.186387333820898,,,,1.093193666910449,0.0,0.0,"Hartford, CT",blue
180,291.3752913752914,,,,,,,291.3752913752914,,,,,,,,,,,291.3752913752914,,,,"Haughton, LA",red
181,1453.4883720930231,,,,,,,,,,1453.4883720930231,,,,,,,,,,,,"Hawk Point, MO",red
182,6.230529595015577,12.461059190031154,12.461059190031154,,,6.230529595015577,12.461059190031154,6.230529595015577,6.230529595015577,18.69158878504673,6.230529595015577,,18.69158878504673,24.922118380062308,12.461059190031154,6.230529595015577,6.230529595015577,6.230529595015577,6.230529595015577,,,,"Hayward, CA",blue
183,72.2700007227,,,,,,,,,,,,,,,,,72.2700007227,,,,,"Hazel Crest, IL",blue
184,84.45945945945947,,,,,,,,,,,,,,,,,,,,,,"Healdsburg, CA",blue
185,5.653166904099677,5.653166904099677,5.653166904099677,,,,,,28.265834520498384,,5.653166904099677,5.653166904099677,28.265834520498384,5.653166904099677,5.653166904099677,28.265834520498384,5.653166904099677,,5.653166904099677,5.653166904099677,0.0,0.0,"Hemet, CA",blue
186,71.66403898523721,,71.66403898523721,,,,,71.66403898523721,,,,,,,143.32807797047442,71.66403898523721,71.66403898523721,71.66403898523721,,,,,"Hendersonville, NC",red
187,320.6155819172812,,,,,,,,,,,,,,320.6155819172812,,,,,,,,"Hiawatha, KS",red
188,21.88040172417566,,,,,,21.88040172417566,,,,,,,,,,65.64120517252697,,,,,,"Hilo, HI",blue
189,78.42983470912334,39.21491735456167,,,,,,,,,,,,,,,,,19.607458677280835,,,,"Hinesville, GA",blue
190,163.98819285011479,,,,,163.98819285011479,,,163.98819285011479,,,,,,,,,,,,,,"Holly Springs, MS",blue
191,6.5092724586173,,6.5092724586173,,6.5092724586173,,6.5092724586173,26.0370898344692,,,,13.0185449172346,6.5092724586173,13.0185449172346,6.5092724586173,,,,13.0185449172346,6.5092724586173,0.0,0.0,"Hollywood, FL",blue
192,2.399027913889292,2.399027913889292,,,1.199513956944646,,,,,,,3.5985418708339383,,1.199513956944646,1.199513956944646,3.5985418708339383,1.199513956944646,1.199513956944646,3.5985418708339383,8.396597698612522,5.997569784723231,250.00000000000006,"Honolulu, HI",blue
193,1.2852365973691573,1.6524470537603453,3.6721045639118786,1.8360522819559393,1.8360522819559393,4.590130704889848,2.5704731947383146,4.039315020303066,3.8557097921074726,4.957341161281036,4.773735933085441,3.6721045639118786,5.691762074063411,5.691762074063411,6.426182986845787,6.793393443236974,3.8557097921074726,2.5704731947383146,4.773735933085441,4.039315020303066,2.754078422933909,214.28571428571433,"Houston, TX",blue
194,548.2456140350877,,,,,,,,,,,548.2456140350877,,,,,,,,,,,"Howard City, MI",red
195,1557.632398753894,,,,,,,,,,,,,,,,,,,,,,"Hoyt, KS",red
196,17.000442011492297,,,,,,,34.00088402298459,,17.000442011492297,,17.000442011492297,,,,,17.000442011492297,,,,,,"Huntington Park, CA",blue
197,3.228764416433119,,3.228764416433119,,,12.915057665732476,6.457528832866238,6.457528832866238,3.228764416433119,16.1438220821656,9.686293249299359,,,9.686293249299359,6.457528832866238,19.372586498598718,6.457528832866238,16.1438220821656,9.686293249299359,3.228764416433119,0.0,0.0,"Huntsville, AL",red
198,10.251363431336369,,,10.251363431336369,,,,,10.251363431336369,,,10.251363431336369,,10.251363431336369,,,10.251363431336369,,41.005453725345475,10.251363431336369,0.0,0.0,"Idaho Falls, ID",red
199,8.524713143402725,8.524713143402725,,,8.524713143402725,17.04942628680545,8.524713143402725,34.0988525736109,,8.524713143402725,,17.04942628680545,,17.04942628680545,8.524713143402725,8.524713143402725,,8.524713143402725,8.524713143402725,8.524713143402725,0.0,0.0,"Independence, MO",red
200,1.9173016663268783,1.9173016663268783,3.195502777211464,1.2782011108845854,3.8346033326537565,5.112804443538342,3.195502777211464,1.9173016663268783,2.556402221769171,1.2782011108845854,3.195502777211464,2.556402221769171,2.556402221769171,7.669206665307513,4.473703888096049,7.669206665307513,3.8346033326537565,1.9173016663268783,2.556402221769171,6.391005554422928,4.47370388809605,233.33333333333334,"Indianapolis, IN",blue
201,9.041754823776198,,9.041754823776198,9.041754823776198,18.083509647552397,18.083509647552397,9.041754823776198,18.083509647552397,45.208774118880996,9.041754823776198,9.041754823776198,9.041754823776198,18.083509647552397,18.083509647552397,18.083509647552397,,18.083509647552397,,9.041754823776198,9.041754823776198,0.0,0.0,"Inglewood, CA",blue
202,431.0344827586207,,431.0344827586207,,,,,,,,,,,,,,,,,431.0344827586207,0.0,0.0,"Inman, SC",red
203,534.75935828877,,,,,,,,,,,,,,,,,,,,,,"Jackson, LA",red
204,2.956961426438192,5.913922852876384,5.913922852876384,,11.827845705752768,14.784807132190961,2.956961426438192,20.698729985067345,5.913922852876384,5.913922852876384,2.956961426438192,8.870884279314575,,2.956961426438192,8.870884279314575,5.913922852876384,2.956961426438192,11.827845705752768,8.870884279314575,5.913922852876384,2.956961426438192,100.0,"Jackson, MS",blue
205,1.7296683966233413,,4.324170991558353,2.594502594935012,2.594502594935012,4.324170991558353,2.594502594935012,9.513176181428378,11.242844578051718,8.648341983116707,6.918673586493365,4.324170991558353,6.053839388181695,5.189005189870024,7.783507784805036,4.324170991558353,4.324170991558353,10.378010379740047,6.053839388181695,6.918673586493365,5.189005189870024,300.0,"Jacksonville, FL",red
206,324.14910858995137,,,,,,324.14910858995137,,,,,,,,,,,,,,,,"Jefferson, OH",red
207,7.386806425044229,,,3.6934032125221146,3.6934032125221146,,3.6934032125221146,7.386806425044229,3.6934032125221146,11.080209637566343,3.6934032125221146,3.6934032125221146,,3.6934032125221146,7.386806425044229,,,,3.6934032125221146,7.386806425044229,0.0,0.0,"Jersey City, NJ",blue
208,184.46781036709092,,,,,,,,,,,,,,,,,,,,,,"Jim Thorpe, PA",red
209,6.735730355242419,,,,,6.735730355242419,,6.735730355242419,13.471460710484838,,,,6.735730355242419,,,6.735730355242419,,,,26.942921420969675,20.207191065727258,300.00000000000006,"Joliet, IL",blue
210,23.175508123015597,,,11.587754061507798,11.587754061507798,,,11.587754061507798,,23.175508123015597,11.587754061507798,,11.587754061507798,11.587754061507798,,,,11.587754061507798,23.175508123015597,23.175508123015597,0.0,0.0,"Joplin, MO",red
211,4.332699315000238,6.189570450000341,3.713742270000204,6.189570450000341,2.475828180000136,3.0947852250001704,4.951656360000272,4.332699315000238,7.427484540000408,4.332699315000238,3.0947852250001704,4.951656360000272,2.475828180000136,7.427484540000408,7.427484540000408,3.713742270000204,4.332699315000238,4.332699315000238,10.522269765000578,1.237914090000068,-3.0947852250001704,-71.42857142857143,"Kansas City, MO",red
212,29.11716748194736,,29.11716748194736,,,,,29.11716748194736,29.11716748194736,,58.23433496389472,,,,,,,29.11716748194736,,,,,"Kennesaw, GA",blue
213,7.7846455650874224,,7.7846455650874224,23.353936695262263,7.7846455650874224,7.7846455650874224,,,,,7.7846455650874224,7.7846455650874224,,,7.7846455650874224,,7.7846455650874224,15.569291130174845,15.569291130174845,23.353936695262263,15.56929113017484,199.99999999999994,"Kent, WA",blue
214,4.040583621898347,,,,,,,,,,,,4.040583621898347,4.040583621898347,8.081167243796694,,12.121750865695041,8.081167243796694,,4.040583621898347,0.0,0.0,"Killeen, TX",red
215,63.043752364140715,,,,,,,,,,,,,,,,,,,,,,"King City, CA",blue
216,854.7008547008547,,,,,,,,,,,854.7008547008547,,,,,,,,,,,"Kingston, IL",blue
217,72.68234182505361,,,,,,,,,,,,36.341170912526806,,,,36.341170912526806,,,,,,"Kinston, NC",red
218,16.00870873755323,32.01741747510646,,,,16.00870873755323,,16.00870873755323,16.00870873755323,32.01741747510646,,,,,,,,,,16.00870873755323,0.0,0.0,"La Habra, CA",blue
219,28.27174804218145,28.27174804218145,,,,,,,,,,,,,,,,28.27174804218145,,,,,"La Porte, TX",blue
220,116.84973124561814,,,,,,,,,,,,,,,,,,,,,,"La Vista, NE",red
221,79.33359777865927,,,,,,,,,,,,,,79.33359777865927,,,,,,,,"LaBelle, FL",red
222,11.863381300938395,,11.863381300938395,,,,,,,,,,,,,,,11.863381300938395,,,,,"Lake Forest, CA",blue
223,66.32179334129194,,,,,,,,,,,,,,,,132.64358668258387,,,,,,"Lake Geneva, WI",red
224,12.350710783405585,,12.350710783405585,,12.350710783405585,,12.350710783405585,,,12.350710783405585,,12.350710783405585,,,,12.350710783405585,,,,,,,"Lakewood, CA",blue
225,19.360084668103614,,,,,6.4533615560345385,6.4533615560345385,6.4533615560345385,,6.4533615560345385,6.4533615560345385,6.4533615560345385,6.4533615560345385,,,,12.906723112069077,,6.4533615560345385,32.26680778017269,12.906723112069077,66.66666666666667,"Lakewood, CO",blue
226,2.8635408255015493,,5.727081651003099,,2.8635408255015493,8.590622476504649,,,,2.8635408255015493,,,11.454163302006197,,2.8635408255015493,2.8635408255015493,2.8635408255015493,,2.8635408255015493,5.727081651003099,2.8635408255015493,100.0,"Lancaster, CA",blue
227,0.9647643924758024,4.823821962379013,3.8590575699032095,4.341439766141112,5.3062041586169135,3.376675373665309,5.788586354854814,4.823821962379013,2.894293177427407,4.341439766141112,5.788586354854814,5.3062041586169135,4.341439766141112,1.9295287849516047,4.823821962379013,5.788586354854814,3.8590575699032095,7.718115139806419,6.753350747330618,2.4119109811895063,1.447146588713704,150.00000000000006,"Las Vegas, NV",blue
228,38.601096271134104,,,38.601096271134104,38.601096271134104,,,,38.601096271134104,,,,,,,,,,,77.20219254226821,38.601096271134104,100.0,"Laurel, MD",blue
229,38.368568468710436,,38.368568468710436,,,,,38.368568468710436,,,38.368568468710436,,38.368568468710436,38.368568468710436,,,,,,,,,"Laurel, MS",red
230,13.039339687838208,,,,,,,,,13.039339687838208,,,,,,,,,13.039339687838208,13.039339687838208,0.0,0.0,"Layton, UT",red
231,599.1611743559017,,,,,,,,,,,,,,,,,599.1611743559017,,,,,"Lebanon, NJ",red
232,29.38842683751139,,,,,,,,29.38842683751139,,29.38842683751139,,,,,,,,,,,,"Lebanon, TN",red
233,407.000407000407,,,,,,,,,,,,,,,,,,,,,,"Lena, IL",red
234,72.02535292422932,,,,,,,,,,,,,,,144.05070584845865,,,,,,,"Levelland, TX",red
235,113.10937676733401,,,,,226.21875353466802,,,113.10937676733401,,,,,,,,,113.10937676733401,,,,,"Lexington, VA",blue
236,50.926869016092894,,,,,,50.926869016092894,,,,,,,,,,,,,,,,"Liberal, KS",red
237,14.327058081893464,,,,,,,,14.327058081893464,,,,14.327058081893464,,14.327058081893464,,,14.327058081893464,,,,,"Lima, OH",red
238,4.517742303461269,2.2588711517306344,11.29435575865317,6.776613455191903,2.2588711517306344,2.2588711517306344,9.035484606922537,6.776613455191903,4.517742303461269,2.2588711517306344,9.035484606922537,2.2588711517306344,11.29435575865317,6.776613455191903,6.776613455191903,2.2588711517306344,9.035484606922537,11.29435575865317,,6.776613455191903,2.2588711517306344,50.0,"Little Rock, AR",blue
239,114.48196908986834,,,,,,,,,,,114.48196908986834,,,,,114.48196908986834,,,,,,"Livingston, MT",red
240,8.520609223559486,8.520609223559486,12.780913835339227,10.650761529449357,8.520609223559486,10.650761529449357,4.260304611779743,2.1301523058898715,8.520609223559486,8.520609223559486,10.650761529449357,6.3904569176696135,6.3904569176696135,19.17137075300884,10.650761529449357,12.780913835339227,12.780913835339227,8.520609223559486,6.3904569176696135,6.3904569176696135,-2.1301523058898724,-25.00000000000001,"Long Beach, CA",blue
241,10.06056459888529,,10.06056459888529,,,10.06056459888529,10.06056459888529,,,10.06056459888529,,,,20.12112919777058,,,10.06056459888529,,20.12112919777058,10.06056459888529,0.0,0.0,"Longmont, CO",blue
242,5.548188793768274,,5.548188793768274,,,,,,,,,,5.548188793768274,5.548188793768274,,5.548188793768274,,,,,,,"Lorain, OH",blue
243,1.2484905943790612,1.2484905943790612,1.3265212565277524,1.4825825808251352,1.4825825808251352,1.4825825808251352,0.8583372836356046,1.638643905122518,2.0287972158659744,1.3265212565277524,1.7947052294199004,2.4189505266094313,1.5606132429738264,1.7947052294199004,2.106827878014666,1.7166745672712092,1.638643905122518,1.2484905943790612,1.2484905943790612,1.5606132429738264,0.31212264859476524,24.999999999999993,"Los Angeles, CA",blue
244,0.9884392149420379,1.9768784298840758,3.9537568597681516,3.9537568597681516,1.9768784298840758,2.9653176448261136,1.9768784298840758,4.942196074710189,7.907513719536303,2.9653176448261136,2.9653176448261136,3.9537568597681516,0.9884392149420379,1.9768784298840758,6.919074504594266,2.9653176448261136,2.9653176448261136,3.9537568597681516,10.872831364362417,2.9653176448261136,1.9768784298840756,199.99999999999997,"Louisville, KY",blue
245,7.618902497095294,7.618902497095294,,3.809451248547647,,15.237804994190588,3.809451248547647,3.809451248547647,7.618902497095294,3.809451248547647,3.809451248547647,7.618902497095294,7.618902497095294,7.618902497095294,15.237804994190588,3.809451248547647,7.618902497095294,,3.809451248547647,,,,"Lubbock, TX",red
246,693.000693000693,,,,,,,,,,,,,,,,,,,,,,"Lucasville, OH",red
247,28.129790855004995,,28.129790855004995,14.064895427502497,,14.064895427502497,,,28.129790855004995,28.129790855004995,14.064895427502497,,14.064895427502497,14.064895427502497,14.064895427502497,14.064895427502497,,,,14.064895427502497,-14.064895427502497,-50.0,"Lynwood, CA",blue
248,13.100751328088664,6.550375664044332,,,6.550375664044332,,,13.100751328088664,,6.550375664044332,6.550375664044332,6.550375664044332,6.550375664044332,,6.550375664044332,,6.550375664044332,,13.100751328088664,6.550375664044332,-6.550375664044332,-50.0,"Macon, GA",blue
249,290.6131938390003,,,,,,,,,,,,,,,,,,,,,,"Malvern, PA",blue
250,0.6083709407969903,,0.6083709407969903,,,,,,,0.6083709407969903,,,,0.6083709407969903,,,,,,,,,"Manhattan, NY",blue
251,10.128018149408524,,,,,,,,,,,20.256036298817047,,,,,10.128018149408524,,,10.128018149408524,0.0,0.0,"Manteca, CA",blue
252,981.3542688910696,,,,,,,,,,,,,,,,,,,,,,"Mantua, OH",red
253,38.822889975929805,,38.822889975929805,,,,,,,,,,,,,,,,,,,,"Maple Valley, WA",blue
254,868.8097306689834,,,,,,,,,,,,,,,,,,,,,,"Marcellus, MI",red
255,16.38055300746953,81.90276503734766,,32.76110601493906,16.38055300746953,32.76110601493906,32.76110601493906,,49.1416590224086,,,65.52221202987812,16.38055300746953,16.38055300746953,,,16.38055300746953,65.52221202987812,16.38055300746953,,,,"Marietta, GA",blue
256,25.380710659898476,,,,,,,,,,,25.380710659898476,25.380710659898476,25.380710659898476,,,,,,,,,"Marion, IA",blue
257,1784.121320249777,,,,,,,,,,,,,,892.0606601248885,,,,,,,,"Marion, TX",red
258,238.03856224708403,,,,,,,,,,,,,,,,,,,,,,"Mather, CA",blue
259,40.395879620278734,,,,,,,,,,,,,40.395879620278734,,,40.395879620278734,,,80.79175924055747,40.395879620278734,100.0,"McDonough, GA",blue
260,26.543504804374372,,,,,,,,,,,,,,,,,,,,,,"Mechanicsville, VA",red
261,2.806694527787679,3.742259370383572,5.613389055575358,3.742259370383572,6.548953898171251,2.806694527787679,3.742259370383572,5.613389055575358,5.613389055575358,4.677824212979465,2.806694527787679,4.677824212979465,10.291213268554824,12.16234295374661,0.935564842595893,3.742259370383572,4.677824212979465,,5.613389055575358,7.484518740767144,4.6778242129794645,166.66666666666663,"Memphis, TN",blue
262,122.72950417280315,,,,,,,,122.72950417280315,,,,,,,,,,,,,,"Menominee, MI",red
263,6.9388066640299195,6.9388066640299195,6.9388066640299195,6.9388066640299195,,,13.877613328059839,,13.877613328059839,,,6.9388066640299195,6.9388066640299195,6.9388066640299195,6.9388066640299195,6.9388066640299195,,,,6.9388066640299195,0.0,0.0,"Merced, CA",blue
264,26.113751501540712,,,,,,78.34125450462213,,,,,,,,26.113751501540712,26.113751501540712,,52.227503003081424,26.113751501540712,,,,"Meridian, MS",red
265,28.67712425797941,,,28.67712425797941,,,28.67712425797941,28.67712425797941,,,,,,,28.67712425797941,,,,28.67712425797941,,,,"Merrillville, IN",blue
266,2.0145003736898195,8.058001494759278,2.0145003736898195,2.0145003736898195,14.101502615828736,6.0435011210694585,8.058001494759278,8.058001494759278,12.087002242138917,4.029000747379639,6.0435011210694585,4.029000747379639,6.0435011210694585,4.029000747379639,2.0145003736898195,8.058001494759278,8.058001494759278,8.058001494759278,16.116002989518556,6.0435011210694585,4.029000747379639,200.0,"Mesa, AZ",red
267,0.6267661093775805,0.9401491640663708,0.6267661093775805,0.4700745820331854,0.31338305468879024,0.9401491640663708,0.4700745820331854,0.4700745820331854,0.4700745820331854,1.5669152734439513,1.0968406914107658,1.8802983281327417,1.8802983281327417,2.507064437510322,1.0968406914107658,1.253532218755161,0.7834576367219757,1.4102237460995561,1.253532218755161,0.7834576367219757,0.15669152734439518,25.00000000000001,"Miami, FL",blue
268,127.24265173686219,,,,,,,,63.62132586843109,,,,,,,63.62132586843109,,,,,,,"Miami, OK",red
269,17.449570740559782,,,17.449570740559782,,17.449570740559782,,,,,,,17.449570740559782,17.449570740559782,,17.449570740559782,,,,,,,"Midwest City, OK",red
270,31.9959045242209,,,,,,,,,,,,,,,,,,,31.9959045242209,0.0,0.0,"Milledgeville, GA",blue
271,1.4515810620928316,2.903162124185663,6.532114779417742,2.1773715931392474,1.4515810620928316,3.6289526552320788,4.354743186278495,4.354743186278495,1.4515810620928316,2.903162124185663,5.08053371732491,2.903162124185663,1.4515810620928316,4.354743186278495,1.4515810620928316,2.1773715931392474,3.6289526552320788,5.08053371732491,6.532114779417742,6.532114779417742,5.0805337173249105,350.0,"Milwaukee, WI",blue
272,2.050050619166538,1.366700412777692,1.025025309583269,1.7083755159721152,1.366700412777692,1.7083755159721152,1.366700412777692,,1.7083755159721152,0.341675103194423,1.366700412777692,0.341675103194423,0.341675103194423,1.366700412777692,0.341675103194423,0.341675103194423,1.025025309583269,0.341675103194423,1.366700412777692,1.025025309583269,-1.025025309583269,-50.0,"Minneapolis, MN",blue
273,13.109664969402042,5.243865987760817,7.865798981641226,15.731597963282452,5.243865987760817,10.487731975521633,5.243865987760817,7.865798981641226,,5.243865987760817,7.865798981641226,5.243865987760817,10.487731975521633,5.243865987760817,10.487731975521633,10.487731975521633,7.865798981641226,5.243865987760817,5.243865987760817,20.975463951043267,7.865798981641225,60.0,"Modesto, CA",blue
274,240.61597690086623,,,,,,,,,,,,,,,,,,,120.30798845043311,-120.30798845043311,-50.0,"Monahans, TX",red
275,8.660858117822315,,8.660858117822315,,8.660858117822315,,,,,,8.660858117822315,,8.660858117822315,,8.660858117822315,,8.660858117822315,,8.660858117822315,,,,"Monroe, LA",red
276,26.982542295135048,,,,,,,,,,26.982542295135048,26.982542295135048,,,,,,,,,,,"Monrovia, CA",blue
277,15.824787947841498,,,,15.824787947841498,,,,,,15.824787947841498,15.824787947841498,,15.824787947841498,,,,47.47436384352449,,15.824787947841498,0.0,0.0,"Montebello, CA",blue
278,7.815308626537662,,,7.815308626537662,,11.722962939806493,11.722962939806493,11.722962939806493,15.630617253075323,7.815308626537662,3.907654313268831,,,3.907654313268831,3.907654313268831,,3.907654313268831,,11.722962939806493,3.907654313268831,-3.907654313268831,-50.0,"Montgomery, AL",blue
279,27.172436280636923,,,,,,,,,,,,27.172436280636923,,,,,,,,,,"Moorpark, CA",blue
280,9.65129858222424,4.82564929111212,,4.82564929111212,14.476947873336359,14.476947873336359,19.30259716444848,,4.82564929111212,4.82564929111212,4.82564929111212,,14.476947873336359,4.82564929111212,,9.65129858222424,,4.82564929111212,,4.82564929111212,-4.82564929111212,-50.0,"Moreno Valley, CA",blue
281,61.30456105934282,,,,,,,61.30456105934282,,,,,,,,,,,,,,,"Mount Clemens, MI",red
282,24.558559886048283,,,,,,,,,,,,,,,,,,,,,,"Mountain View, CA",blue
283,77.11289327575571,,,,,,,,,,,,,,,,,,,,,,"Muscoy, CA",blue
284,24.637823987385435,,,,,24.637823987385435,,,24.637823987385435,,24.637823987385435,,,,,24.637823987385435,,,24.637823987385435,49.27564797477087,24.637823987385435,100.0,"Muskogee, OK",red
285,364.49790413705125,,,,,,,,,,,,,,,,,,,,,,"Nashville, NC",red
286,5.572867565446363,2.7864337827231815,,,0.9288112609077273,5.572867565446363,1.8576225218154545,0.9288112609077273,,,3.715245043630909,0.9288112609077273,,0.9288112609077273,2.7864337827231815,2.7864337827231815,1.8576225218154545,2.7864337827231815,2.7864337827231815,1.8576225218154545,-3.7152450436309086,-66.66666666666666,"Nashville, TN",blue
287,16.29646529667715,16.29646529667715,,,,,,32.5929305933543,,,,,,,,,,32.5929305933543,,16.29646529667715,0.0,0.0,"National City, CA",blue
288,25.162296814453224,,,,,25.162296814453224,,,,,25.162296814453224,,,,,25.162296814453224,,25.162296814453224,25.162296814453224,,,,"New Castle, PA",red
289,1.9434022949637701,2.915103442445655,0.9717011474818851,2.915103442445655,7.773609179855081,11.66041376978262,3.8868045899275403,,0.9717011474818851,2.915103442445655,2.915103442445655,4.858505737409425,3.8868045899275403,1.9434022949637701,1.9434022949637701,5.83020688489131,1.9434022949637701,4.858505737409425,,5.83020688489131,3.88680458992754,199.99999999999997,"New Orleans, LA",blue
290,10.52063095730728,17.534384928845466,,10.52063095730728,21.04126191461456,28.055015886152745,14.027507943076372,7.013753971538186,17.534384928845466,21.04126191461456,28.055015886152745,10.52063095730728,10.52063095730728,7.013753971538186,,7.013753971538186,10.52063095730728,21.04126191461456,14.027507943076372,7.013753971538186,-3.506876985769093,-33.33333333333333,"Newark, NJ",blue
291,299.7601918465228,,,,,,,,,,,,,,,,,,,,,,"Nicholls, GA",red
292,2398.0815347721823,,,,,,,,,,,,,,,,,,,,,,"Nipinnawasee, CA",red
293,32.38761497603316,,,32.38761497603316,,,,,,,,32.38761497603316,64.77522995206633,32.38761497603316,,,,,,,,,"Nogales, AZ",blue
294,12.259759790439839,16.346346387253117,4.086586596813279,4.086586596813279,4.086586596813279,8.173173193626559,16.346346387253117,12.259759790439839,4.086586596813279,8.173173193626559,12.259759790439839,12.259759790439839,,4.086586596813279,12.259759790439839,,24.519519580879678,8.173173193626559,,4.086586596813279,-8.17317319362656,-66.66666666666667,"Norfolk, VA",blue
295,43.61098996947231,,,,,,43.61098996947231,,,,,,,87.22197993894461,43.61098996947231,43.61098996947231,,43.61098996947231,,,,,"North Augusta, SC",red
296,18.04060941178593,9.020304705892965,,9.020304705892965,36.08121882357186,,9.020304705892965,9.020304705892965,9.020304705892965,,,18.04060941178593,,,,27.060914117678895,18.04060941178593,9.020304705892965,9.020304705892965,9.020304705892965,-9.020304705892965,-50.0,"North Charleston, SC",blue
297,583.0903790087464,,,,,,,,,,,,,,,,,,,,,,"North Judson, IN",red
298,8.231299516411154,,8.231299516411154,4.115649758205577,4.115649758205577,,4.115649758205577,4.115649758205577,,4.115649758205577,,4.115649758205577,4.115649758205577,,12.346949274616732,8.231299516411154,4.115649758205577,,4.115649758205577,4.115649758205577,-4.115649758205577,-50.0,"North Las Vegas, NV",blue
299,39.42595805078063,,,,,,,,,,,,,,,,,,,,,,"North Tustin, CA",blue
300,9.426492213717431,,,,9.426492213717431,,,,,18.852984427434862,,,,,,9.426492213717431,9.426492213717431,,,,,,"Norwalk, CA",blue
301,27.5072894316994,,,,,,,,,,,,27.5072894316994,,,,,,,,,,"Oak Creek, WI",blue
302,22.204951704230044,,,,22.204951704230044,,,,,,22.204951704230044,22.204951704230044,,,,22.204951704230044,,,,,,,"Oakland Park, FL",blue
303,9.40744834722892,7.055586260421689,11.759310434036149,16.46303460765061,7.055586260421689,4.70372417361446,21.166758781265067,16.46303460765061,18.81489669445784,18.81489669445784,18.81489669445784,25.870482954879527,7.055586260421689,16.46303460765061,16.46303460765061,18.81489669445784,,4.70372417361446,4.70372417361446,2.35186208680723,-7.0555862604216895,-75.0,"Oakland, CA",blue
304,118.68027533823879,,,,,,,,,,,,,,,,,,,,,,"Oakland, TN",red
305,277.9321845469705,,,,,,,,,,,,,,,,,,,,,,"Oglesby, IL",red
306,8.36821834355302,4.18410917177651,3.1380818788323825,5.230136464720637,7.322191050608892,7.322191050608892,2.092054585888255,4.18410917177651,3.1380818788323825,3.1380818788323825,14.644382101217785,13.598354808273657,10.460272929441274,15.690409394161913,11.506300222385402,10.460272929441274,7.322191050608892,10.460272929441274,8.36821834355302,11.506300222385402,3.1380818788323825,37.5,"Oklahoma City, OK",red
307,4.832166767739488,2.416083383869744,6.040208459674361,3.624125075804616,8.456291843544104,2.416083383869744,2.416083383869744,2.416083383869744,6.040208459674361,,12.080416919348721,3.624125075804616,1.208041691934872,3.624125075804616,7.248250151609232,7.248250151609232,10.872375227413848,2.416083383869744,3.624125075804616,4.832166767739488,0.0,0.0,"Omaha, NE",blue
308,1055.9662090813092,,,,,,,,,,,,,,,,,,,,,,"Onsted, MI",red
309,5.686955829414073,11.373911658828145,17.06086748824222,5.686955829414073,,17.06086748824222,5.686955829414073,11.373911658828145,5.686955829414073,17.06086748824222,22.74782331765629,,5.686955829414073,5.686955829414073,5.686955829414073,17.06086748824222,,11.373911658828145,5.686955829414073,11.373911658828145,5.686955829414073,100.0,"Ontario, CA",blue
310,39.910600255427845,,,,,,,,,79.82120051085569,,,,,79.82120051085569,79.82120051085569,,,39.910600255427845,,,,"Opelousas, LA",red
311,80.33419023136246,,,,,,,,,,,,,,,,,,,,,,"Oregon, WI",blue
312,1.6883896758348103,1.6883896758348103,0.5627965586116034,1.1255931172232068,3.3767793516696205,3.939575910281224,2.2511862344464135,1.6883896758348103,2.813982793058017,1.6883896758348103,5.065169027504431,3.939575910281224,0.5627965586116034,5.065169027504431,3.939575910281224,2.813982793058017,3.3767793516696205,1.1255931172232068,5.627965586116034,2.2511862344464135,0.5627965586116033,33.33333333333333,"Orlando, FL",blue
313,1355.0135501355014,,,,,,,,,,,,,,,,,,,,,,"Orleans, VT",blue
314,13.66624301313326,13.66624301313326,,,27.33248602626652,13.66624301313326,,13.66624301313326,,,,,,,,13.66624301313326,27.33248602626652,,13.66624301313326,,,,"Owensboro, KY",red
315,355.1136363636364,,,,,,,,,,,,,,,,,,,,,,"Owensville, MO",red
316,29.213286202564927,,,29.213286202564927,29.213286202564927,,,,,,,,,,29.213286202564927,29.213286202564927,,,,,,,"Owings Mills, MD",blue
317,55.847202055177036,,,,,,,,,,27.923601027588518,,,,,,,27.923601027588518,27.923601027588518,,,,"Pahrump, NV",red
318,20.771883178929002,,,,20.771883178929002,20.771883178929002,20.771883178929002,,20.771883178929002,,,20.771883178929002,41.543766357858004,,,,20.771883178929002,,,,,,"Palm Springs, CA",blue
319,38.519317437695,,,,,,,,,,,,,38.519317437695,,38.519317437695,,,38.519317437695,,,,"Paris, TX",red
320,260.4166666666667,,,,,,,,,,,,,,,,,,,,,,"Parkesburg, PA",blue
321,13.027618551328818,,6.513809275664409,,,13.027618551328818,6.513809275664409,6.513809275664409,6.513809275664409,13.027618551328818,19.541427826993225,,6.513809275664409,6.513809275664409,6.513809275664409,6.513809275664409,,,13.027618551328818,,,,"Pasadena, TX",blue
322,9433.962264150943,,,,,,,,,,,,,,9433.962264150943,,,,,,,,"Pawleys Island, SC",red
323,2.9036004645760745,2.9036004645760745,,2.9036004645760745,2.9036004645760745,5.807200929152149,,2.9036004645760745,,5.807200929152149,2.9036004645760745,2.9036004645760745,2.9036004645760745,8.710801393728223,5.807200929152149,,2.9036004645760745,2.9036004645760745,2.9036004645760745,8.710801393728223,5.807200929152149,200.0,"Pensacola, FL",red
324,5.945974872310189,5.945974872310189,,5.945974872310189,,5.945974872310189,,5.945974872310189,,,5.945974872310189,,,5.945974872310189,,5.945974872310189,,,5.945974872310189,,,,"Peoria, AZ",red
325,7.633296439067212,,,,,,3.816648219533606,3.816648219533606,7.633296439067212,3.816648219533606,,,,,,,,3.816648219533606,11.449944658600815,11.449944658600815,3.8166482195336036,49.99999999999997,"Peoria, IL",blue
326,1.9510866133464257,0.8868575515211026,0.7094860412168821,1.5963435927379848,2.128458123650646,1.7737151030422051,3.5474302060844103,3.9021732266928515,2.128458123650646,3.1926871854759695,2.483201144259087,2.483201144259087,4.0795447369970725,2.128458123650646,0.8868575515211026,0.8868575515211026,1.5963435927379848,1.4189720824337642,1.064229061825323,0.8868575515211026,-1.0642290618253232,-54.545454545454554,"Philadelphia, PA",blue
327,1.2249350723164918,2.694857159096282,1.4699220867797902,1.7149091012430886,3.429818202486177,1.959896115706387,2.2048831301696854,1.4699220867797902,0.7349610433898951,1.7149091012430886,2.9398441735595804,2.694857159096282,2.2048831301696854,6.12467536158246,4.899740289265967,2.4498701446329836,4.409766260339371,4.654753274802669,6.369662376045758,3.184831188022879,1.9598961157063872,160.00000000000003,"Phoenix, AZ",red
328,62.39860227130913,,,,,,,,,,,,,,62.39860227130913,,,,,,,,"Picayune, MS",red
329,15.742577374767798,,31.485154749535596,,15.742577374767798,,,,,,,,,,31.485154749535596,,15.742577374767798,,15.742577374767798,,,,"Pico Rivera, CA",blue
330,532.4813631522898,,,,,,,,,,,,532.4813631522898,532.4813631522898,,,,,,,,,"Pine Valley, CA",blue
331,13.861742975561747,,13.861742975561747,13.861742975561747,,,27.723485951123493,,13.861742975561747,,27.723485951123493,27.723485951123493,,,,,27.723485951123493,,27.723485951123493,,,,"Pittsburg, CA",blue
332,43.6700292589196,,43.6700292589196,,,,,,,87.3400585178392,,,,,,,43.6700292589196,,,,,,"Pittsburg, KS",red
333,1.165978836318142,1.165978836318142,2.331957672636284,0.582989418159071,0.582989418159071,2.331957672636284,2.914947090795355,2.914947090795355,1.748968254477213,4.080925927113498,5.246904763431639,0.582989418159071,1.165978836318142,1.165978836318142,1.165978836318142,1.165978836318142,0.582989418159071,,1.748968254477213,1.748968254477213,0.5829894181590709,49.999999999999986,"Pittsburgh, PA",blue
334,31.989763275751763,,,,,,,,,,31.989763275751763,,,,,,,,,,,,"Placerville, CA",red
335,98.97070467141725,,,,,,,,,,,,197.9414093428345,,,,,,,,,,"Pleasant Grove, AL",blue
336,122.97097884899163,,,,,,,,,,,,,,,122.97097884899163,,,,,,,"Pleasant Hills, PA",blue
337,24.094353488260026,,,,,,,,,,12.047176744130013,,,,,12.047176744130013,,12.047176744130013,12.047176744130013,,,,"Pleasanton, CA",blue
338,12.755915555839021,,,,,,,,,,,,,,,12.755915555839021,,,,,,,"Plymouth, MN",blue
339,27.155956659093174,,,,,,9.051985553031058,18.103971106062115,9.051985553031058,,9.051985553031058,9.051985553031058,27.155956659093174,,18.103971106062115,27.155956659093174,9.051985553031058,9.051985553031058,9.051985553031058,,,,"Pompano Beach, FL",blue
340,81.99409642505739,,,,,,,,,,,,,,,,,,,,,,"Pontiac, IL",red
341,1.9485618639163365,2.435702329895421,0.9742809319581682,1.4614213979372523,1.9485618639163365,1.4614213979372523,3.409983261853589,0.4871404659790841,0.9742809319581682,,2.9228427958745047,0.9742809319581682,2.435702329895421,0.9742809319581682,0.9742809319581682,1.4614213979372523,0.4871404659790841,1.4614213979372523,2.9228427958745047,2.9228427958745047,0.9742809319581682,50.0,"Portland, OR",blue
342,10.573954235926067,10.573954235926067,,,,10.573954235926067,10.573954235926067,10.573954235926067,10.573954235926067,10.573954235926067,10.573954235926067,10.573954235926067,,,,21.147908471852134,10.573954235926067,,10.573954235926067,10.573954235926067,0.0,0.0,"Portsmouth, VA",blue
343,2092.0502092050206,,,,,,,,,,,,,,,,,,,,,,"Potts Camp, MS",blue
344,61.804697156983934,,,,,,,,,,,,,,,,,,,,,,"Prospect Heights, IL",blue
345,0.8287462229890887,1.6574924459781775,0.8287462229890887,,,0.8287462229890887,,,0.8287462229890887,,,,,,0.8287462229890887,0.8287462229890887,,0.8287462229890887,0.8287462229890887,,,,"Providence, RI",blue
346,1.2858682225100662,,,0.4286227408366887,1.7144909633467549,1.2858682225100662,0.4286227408366887,0.8572454816733774,,0.8572454816733774,0.8572454816733774,0.4286227408366887,1.2858682225100662,,0.8572454816733774,0.8572454816733774,0.4286227408366887,,0.8572454816733774,,,,"Queens, NY",blue
347,13.59379035656512,,,,,13.59379035656512,13.59379035656512,,13.59379035656512,,,,,,,,,13.59379035656512,,,,,"Rancho Cordova, CA",blue
348,5.635326736244167,,,5.635326736244167,11.270653472488334,5.635326736244167,5.635326736244167,11.270653472488334,,5.635326736244167,,,,,,,,,,,,,"Rancho Cucamonga, CA",blue
349,8.314625426124552,,8.314625426124552,8.314625426124552,24.943876278373658,8.314625426124552,,,,8.314625426124552,,24.943876278373658,16.629250852249104,8.314625426124552,33.25850170449821,,24.943876278373658,16.629250852249104,8.314625426124552,33.25850170449821,24.943876278373658,300.0,"Redding, CA",red
350,11.536021226279056,,11.536021226279056,,,23.07204245255811,,,11.536021226279056,,,,,,,,,23.07204245255811,23.07204245255811,,,,"Redwood City, CA",blue
351,2.3080243081120133,6.9240729243360395,2.3080243081120133,,2.3080243081120133,2.3080243081120133,6.9240729243360395,2.3080243081120133,4.616048616224027,2.3080243081120133,4.616048616224027,4.616048616224027,4.616048616224027,6.9240729243360395,9.232097232448053,4.616048616224027,11.540121540560065,6.9240729243360395,4.616048616224027,2.3080243081120133,0.0,0.0,"Reno, NV",blue
352,9.656051447442112,,,19.312102894884223,,19.312102894884223,19.312102894884223,9.656051447442112,,9.656051447442112,,9.656051447442112,9.656051447442112,,,19.312102894884223,,9.656051447442112,,,,,"Rialto, CA",blue
353,18.17520901490367,18.17520901490367,9.087604507451834,9.087604507451834,,,9.087604507451834,18.17520901490367,18.17520901490367,18.17520901490367,18.17520901490367,,,,9.087604507451834,9.087604507451834,,18.17520901490367,18.17520901490367,9.087604507451834,-9.087604507451834,-50.0,"Richmond, CA",blue
354,1.88695800669304,3.77391601338608,4.7173950167326,0.94347900334652,3.77391601338608,2.83043701003956,5.66087402007912,,0.94347900334652,1.88695800669304,3.77391601338608,1.88695800669304,0.94347900334652,2.83043701003956,,2.83043701003956,2.83043701003956,8.49131103011868,1.88695800669304,0.94347900334652,-0.94347900334652,-50.0,"Richmond, VA",blue
355,1953.125,,,,,,,,,,,,,,,,,,,,,,"Riesel, TX",red
356,10.399442589877182,,,,,,,,,10.399442589877182,,,,,,,10.399442589877182,,,10.399442589877182,0.0,0.0,"Rio Rancho, NM",blue
357,60.83095078776081,,,,,,60.83095078776081,,,,,,60.83095078776081,,,,121.66190157552163,,,,,,"Riverdale, GA",blue
358,0.47967405188826095,0.47967405188826095,0.9593481037765219,1.4390221556647826,0.47967405188826095,0.9593481037765219,1.4390221556647826,,1.4390221556647826,0.9593481037765219,0.47967405188826095,1.9186962075530438,2.3983702594413048,3.3577183632178262,0.9593481037765219,0.47967405188826095,,0.47967405188826095,2.8780443113295653,1.4390221556647826,0.9593481037765217,199.99999999999994,"Riverside, CA",blue
359,9.251678023101439,4.6258390115507195,13.877517034652161,,,,4.6258390115507195,13.877517034652161,,9.251678023101439,4.6258390115507195,4.6258390115507195,,,4.6258390115507195,4.6258390115507195,,9.251678023101439,,9.251678023101439,0.0,0.0,"Roanoke, VA",red
360,166.55562958027983,166.55562958027983,,,,,,,,,166.55562958027983,,,,,,,,,,,,"Rocky Mount, VA",red
361,15.053439710973958,,15.053439710973958,,,15.053439710973958,,15.053439710973958,,15.053439710973958,15.053439710973958,15.053439710973958,,15.053439710973958,,,,,,,,,"Rogers, AR",red
362,23.34376021289509,,,,,23.34376021289509,,23.34376021289509,46.68752042579018,,,,,,,,,23.34376021289509,,,,,"Rohnert Park, CA",blue
363,1062.6992561105208,,,,,,,,,,,,,,,,,,,,,,"Rolling Hills, CA",blue
364,18.330461561022105,,,,,18.330461561022105,,18.330461561022105,36.66092312204421,36.66092312204421,,,18.330461561022105,18.330461561022105,,18.330461561022105,,,,,,,"Rosemead, CA",blue
365,2.6958566839453106,4.313370694312497,1.6175140103671863,1.0783426735781243,2.6958566839453106,2.1566853471562486,2.1566853471562486,,2.1566853471562486,1.6175140103671863,1.6175140103671863,2.1566853471562486,2.6958566839453106,2.1566853471562486,2.1566853471562486,2.6958566839453106,2.6958566839453106,1.0783426735781243,2.6958566839453106,,,,"Sacramento, CA",blue
366,8.379701012267883,25.139103036803647,,8.379701012267883,,,,,8.379701012267883,,,8.379701012267883,33.518804049071534,,,8.379701012267883,,16.759402024535767,16.759402024535767,,,,"Saginaw, MI",red
367,5.165556072111163,,,,10.331112144222326,5.165556072111163,10.331112144222326,,5.165556072111163,5.165556072111163,10.331112144222326,,5.165556072111163,5.165556072111163,30.993336432666975,,,5.165556072111163,,5.165556072111163,0.0,0.0,"Salinas, CA",blue
368,127.90995139421848,127.90995139421848,,127.90995139421848,,,,,,,,,,,,,,127.90995139421848,127.90995139421848,127.90995139421848,0.0,0.0,"Sallisaw, OK",red
369,2.7312454479242536,1.820830298616169,,1.820830298616169,0.9104151493080845,,1.820830298616169,3.641660597232338,3.641660597232338,0.9104151493080845,1.820830298616169,2.7312454479242536,1.820830298616169,1.820830298616169,5.462490895848507,1.820830298616169,0.9104151493080845,3.641660597232338,5.462490895848507,2.7312454479242536,0.0,0.0,"Salt Lake City, UT",blue
370,0.9987365982032729,1.4981048973049094,,0.9987365982032729,,7.989892785626183,7.490524486524546,7.490524486524546,8.48926108472782,5.9924195892196375,5.9924195892196375,0.49936829910163644,6.491787888321273,9.98736598203273,6.491787888321273,8.48926108472782,8.48926108472782,3.9949463928130915,9.487997682931093,9.98736598203273,8.988629383829457,900.0,"San Antonio, TX",blue
371,4.60840111523307,13.82520334569921,4.60840111523307,18.43360446093228,13.82520334569921,13.82520334569921,18.43360446093228,32.25880780663149,13.82520334569921,41.47561003709763,23.04200557616535,27.65040669139842,32.25880780663149,9.21680223046614,18.43360446093228,18.43360446093228,27.65040669139842,,,13.82520334569921,9.21680223046614,200.0,"San Bernardino, CA",blue
372,3.426456103670856,3.426456103670856,1.8689760565477396,1.245984037698493,0.9344880282738698,2.8034640848216092,0.9344880282738698,2.8034640848216092,1.5574800471231163,2.491968075396986,1.8689760565477396,2.1804720659723626,1.245984037698493,2.1804720659723626,1.5574800471231163,2.491968075396986,1.245984037698493,1.245984037698493,0.9344880282738698,2.491968075396986,-0.9344880282738699,-27.272727272727277,"San Diego, CA",blue
373,0.8324636400693609,1.1099515200924812,1.6649272801387218,0.8324636400693609,1.6649272801387218,0.8324636400693609,1.6649272801387218,2.2199030401849624,0.8324636400693609,0.2774878800231203,0.8324636400693609,1.1099515200924812,0.8324636400693609,1.1099515200924812,2.2199030401849624,2.774878800231203,1.942415160161842,1.942415160161842,0.8324636400693609,0.5549757600462406,-0.2774878800231203,-33.33333333333333,"San Francisco, CA",blue
374,2.7443892334317104,1.0977556933726842,,1.0977556933726842,3.2932670801180524,2.7443892334317104,2.1955113867453684,1.6466335400590262,2.1955113867453684,2.7443892334317104,3.2932670801180524,2.7443892334317104,1.0977556933726842,3.842144926804395,1.0977556933726842,4.391022773490737,1.0977556933726842,2.1955113867453684,2.1955113867453684,3.2932670801180524,0.548877846686342,19.999999999999996,"San Jose, CA",blue
375,2.9927933536045206,2.9927933536045206,5.985586707209041,8.978380060813562,5.985586707209041,5.985586707209041,8.978380060813562,2.9927933536045206,2.9927933536045206,5.985586707209041,11.971173414418082,5.985586707209041,2.9927933536045206,20.949553475231642,,5.985586707209041,11.971173414418082,8.978380060813562,14.963966768022601,,,,"Santa Ana, CA",blue
376,3.232291888886734,,,,,,3.232291888886734,,,3.232291888886734,,,,,3.232291888886734,,3.232291888886734,,,3.232291888886734,0.0,0.0,"Santa Clarita, CA",blue
377,414.76565740356693,,,,,,,,,,,,,,,,,,,,,,"Santa Claus, IN",red
378,9.084467377677646,,,18.16893475535529,,,18.16893475535529,18.16893475535529,18.16893475535529,9.084467377677646,18.16893475535529,18.16893475535529,,9.084467377677646,,9.084467377677646,18.16893475535529,18.16893475535529,,9.084467377677646,0.0,0.0,"Santa Fe, NM",blue
379,9.319432881444387,3.1064776271481294,6.212955254296259,6.212955254296259,,3.1064776271481294,,6.212955254296259,6.212955254296259,,6.212955254296259,,,6.212955254296259,3.1064776271481294,3.1064776271481294,3.1064776271481294,3.1064776271481294,,,,,"Santa Rosa, CA",blue
380,47.977738329415146,,,,47.977738329415146,,,,,,,,,,,,,47.977738329415146,,47.977738329415146,0.0,0.0,"Sapulpa, OK",red
381,1.4159392278883391,,1.4159392278883391,1.4159392278883391,1.4159392278883391,1.4159392278883391,,2.8318784557766783,1.4159392278883391,,2.8318784557766783,,1.4159392278883391,,2.8318784557766783,1.4159392278883391,1.4159392278883391,,1.4159392278883391,,,,"Sarasota, FL",red
382,140.0364094664613,,,,,,,,,,,,,,,,,,,,,,"Sausalito, CA",blue
383,17.85191479638106,,,3.5703829592762117,7.1407659185524235,3.5703829592762117,3.5703829592762117,14.281531837104847,,,7.1407659185524235,,,7.1407659185524235,3.5703829592762117,14.281531837104847,3.5703829592762117,10.711148877828636,10.711148877828636,7.1407659185524235,-10.711148877828636,-60.0,"Savannah, GA",blue
384,241.196333815726,,,,,,,,,,,,,,241.196333815726,,,,,,,,"Sayre, OK",red
385,1.0977656352701122,1.6466484529051681,1.0977656352701122,0.5488828176350561,1.6466484529051681,0.8233242264525841,0.8233242264525841,0.5488828176350561,,1.0977656352701122,1.0977656352701122,0.5488828176350561,0.5488828176350561,1.6466484529051681,2.1955312705402243,0.5488828176350561,1.3722070440876402,0.8233242264525841,0.8233242264525841,1.6466484529051681,0.548882817635056,49.999999999999986,"Seattle, WA",blue
386,37.28838839585353,,,,,,,,,,,,,,,37.28838839585353,,,,37.28838839585353,0.0,0.0,"Seneca, SC",red
387,3.479083748503994,3.479083748503994,,13.916334994015976,,6.958167497007988,,6.958167497007988,3.479083748503994,6.958167497007988,6.958167497007988,3.479083748503994,13.916334994015976,10.437251245511982,20.874502491023964,17.39541874251997,,,17.39541874251997,10.437251245511982,6.958167497007988,200.0,"Shreveport, LA",blue
388,9.409196548706705,,,,,,9.409196548706705,,18.81839309741341,,,,,,18.81839309741341,,18.81839309741341,,,,,,"Sioux City, IA",red
389,1288.659793814433,,,,,,,,,,,,,,,,,,,,,,"Siren, WI",red
390,12.291052114060964,,,,,,,24.582104228121928,,,24.582104228121928,,,,,,,,,,,,"Somerville, MA",blue
391,126.11930886618741,,,,,,,,126.11930886618741,,,,,126.11930886618741,,,,,,,,,"South Boston, VA",red
392,61.16582053948254,,,,,,,,,,,,,61.16582053948254,,,,,,61.16582053948254,0.0,0.0,"South River, NJ",blue
393,68.7663320038509,,,,,,,,,,,,,,,,,,,,,,"Southgate, MI",blue
394,10.917984103415145,5.458992051707573,,,10.917984103415145,5.458992051707573,5.458992051707573,,5.458992051707573,5.458992051707573,5.458992051707573,5.458992051707573,5.458992051707573,5.458992051707573,,10.917984103415145,,,32.75395231024544,5.458992051707573,-5.458992051707573,-50.0,"Spartanburg, SC",red
395,2.4811248427587134,2.4811248427587134,4.962249685517427,4.962249685517427,,,7.443374528276139,4.962249685517427,2.4811248427587134,4.962249685517427,9.924499371034853,7.443374528276139,,12.405624213793566,4.962249685517427,4.962249685517427,2.4811248427587134,14.886749056552278,2.4811248427587134,7.443374528276139,4.962249685517426,199.99999999999994,"Spokane, WA",red
396,6.273761873094345,6.273761873094345,12.54752374618869,12.54752374618869,,,6.273761873094345,,6.273761873094345,,6.273761873094345,6.273761873094345,6.273761873094345,18.821285619283035,,,,6.273761873094345,,,,,"Springfield, IL",red
397,3.481627451936133,,3.481627451936133,6.963254903872266,,,,,3.481627451936133,6.963254903872266,3.481627451936133,,,3.481627451936133,3.481627451936133,20.889764711616795,3.481627451936133,10.444882355808398,13.926509807744532,27.853019615489064,24.37139216355293,700.0,"Springfield, MO",red
398,14.218885523752647,14.218885523752647,14.218885523752647,,,,14.218885523752647,,14.218885523752647,14.218885523752647,,,,,14.218885523752647,,,,,,,,"St. Charles, MO",red
399,12.3734811551882,,,,12.3734811551882,,,24.7469623103764,12.3734811551882,,24.7469623103764,12.3734811551882,,,12.3734811551882,,12.3734811551882,24.7469623103764,24.7469623103764,,,,"St. Joseph, MO",red
400,3.2613552235495935,3.2613552235495935,13.045420894198374,3.2613552235495935,6.522710447099187,,,6.522710447099187,3.2613552235495935,16.30677611774797,6.522710447099187,,9.784065670648781,3.2613552235495935,9.784065670648781,6.522710447099187,9.784065670648781,13.045420894198374,6.522710447099187,3.2613552235495935,0.0,0.0,"St. Paul, MN",blue
401,7.597196634441891,,7.597196634441891,3.7985983172209457,11.395794951662836,7.597196634441891,,3.7985983172209457,15.194393268883783,11.395794951662836,3.7985983172209457,11.395794951662836,11.395794951662836,22.791589903325672,,3.7985983172209457,22.791589903325672,7.597196634441891,3.7985983172209457,7.597196634441891,0.0,0.0,"St. Petersburg, FL",red
402,25.95514950166113,,25.95514950166113,25.95514950166113,,,,,,,,,,,,,,,,25.95514950166113,0.0,0.0,"Stanton, CA",blue
403,260.4166666666667,260.4166666666667,,,,,,,,,,,,,,,,,,,,,"Stilwell, OK",red
404,10.140265218636793,12.675331523295991,7.605198913977595,2.5350663046591984,,7.605198913977595,7.605198913977595,5.070132609318397,7.605198913977595,17.745464132614387,2.5350663046591984,7.605198913977595,15.21039782795519,10.140265218636793,15.21039782795519,12.675331523295991,17.745464132614387,10.140265218636793,,10.140265218636793,0.0,0.0,"Stockton, CA",blue
405,22.163857397741502,,,,,,11.081928698870751,,,,11.081928698870751,22.163857397741502,,,,22.163857397741502,,,,,,,"Suffolk, VA",blue
406,6.508043942312699,6.508043942312699,6.508043942312699,,,,,6.508043942312699,,,,6.508043942312699,,13.016087884625398,6.508043942312699,19.524131826938095,6.508043942312699,13.016087884625398,,,,,"Sunnyvale, CA",blue
407,2.4554399043360613,2.4554399043360613,,,,,,,,4.910879808672123,2.4554399043360613,7.366319713008184,,2.4554399043360613,,,7.366319713008184,9.821759617344245,,4.910879808672123,2.4554399043360613,100.0,"Syracuse, NY",blue
408,75.31821947729155,,,75.31821947729155,,75.31821947729155,,,,,,,,150.6364389545831,,,,,150.6364389545831,75.31821947729155,0.0,0.0,"Talladega, AL",red
409,56.97356426618049,,,,,,,,,,,,,,,,,,,,,,"Tallmadge, OH",blue
410,116.69973159061733,,,,,,,,,,,,,,,116.69973159061733,,116.69973159061733,,,,,"Tallulah, LA",blue
411,2.852822868228112,0.713205717057028,1.0698085755855418,0.713205717057028,0.356602858528514,2.1396171511710835,0.356602858528514,,1.0698085755855418,0.356602858528514,0.356602858528514,1.7830142926425698,0.713205717057028,1.426411434114056,1.0698085755855418,1.0698085755855418,1.7830142926425698,0.356602858528514,1.426411434114056,2.1396171511710835,-0.7132057170570283,-25.00000000000001,"Tampa, FL",blue
412,39.47732027949943,,,,,39.47732027949943,,,,,,,,,,,,39.47732027949943,39.47732027949943,,,,"Tarpon Springs, FL",red
413,10.808590667862816,,5.404295333931408,,,10.808590667862816,,,,,,,,10.808590667862816,10.808590667862816,10.808590667862816,16.212886001794224,5.404295333931408,16.212886001794224,10.808590667862816,0.0,0.0,"Tempe, AZ",red
414,120.80212611741966,,,,,120.80212611741966,,,,,,,,,120.80212611741966,,,,120.80212611741966,,,,"Temple Hills, MD",blue
415,10.784926986044304,,,,,,,,,10.784926986044304,,10.784926986044304,,,,10.784926986044304,,,32.35478095813291,,,,"Terre Haute, IN",red
416,176.61603673613564,,,,,,,,,,,,,,,,,,,,,,"Thompson's Station, TN",red
417,4.571867470705759,4.571867470705759,,9.143734941411518,,,4.571867470705759,,,,,,,,,,,,4.571867470705759,,,,"Thousand Oaks, CA",blue
418,650.6180871828237,,,325.30904359141186,,,,,,,,,,,,,,,325.30904359141186,,,,"Tishomingo, OK",red
419,2.0463623862222513,4.092724772444503,6.139087158666754,2.0463623862222513,6.139087158666754,2.0463623862222513,,2.0463623862222513,4.092724772444503,10.231811931111256,2.0463623862222513,8.185449544889005,2.0463623862222513,2.0463623862222513,2.0463623862222513,2.0463623862222513,2.0463623862222513,4.092724772444503,8.185449544889005,2.0463623862222513,0.0,0.0,"Toledo, OH",blue
420,85.41898009737763,,,85.41898009737763,,,,,,,,,,,,85.41898009737763,,,,,,,"Tomball, TX",blue
421,6.713211600429646,,26.852846401718583,,,6.713211600429646,13.426423200859292,13.426423200859292,6.713211600429646,6.713211600429646,,20.139634801288935,20.139634801288935,6.713211600429646,6.713211600429646,20.139634801288935,26.852846401718583,20.139634801288935,13.426423200859292,6.713211600429646,0.0,0.0,"Topeka, KS",red
422,2145.922746781116,,,,,,,,,,,,,,,,,,,,,,"Towanda, IL",red
423,951.4747859181732,,,,,,,,,,,,,,,,,,,,,,"Town Creek, AL",red
424,271.8868950516585,,,,,,,,,,,,,,,271.8868950516585,,,,,,,"Trenton, TN",red
425,20.17552708564511,,,,,,,,,20.17552708564511,,,,,,20.17552708564511,20.17552708564511,,,,,,"Troy, NY",red
426,3.4546650068920566,5.757775011486761,4.606220009189409,1.1515550022973522,8.060885016081466,8.060885016081466,6.909330013784113,4.606220009189409,5.757775011486761,9.212440018378818,4.606220009189409,9.212440018378818,14.97021502986558,12.667105025270875,8.060885016081466,4.606220009189409,11.515550022973523,6.909330013784113,13.818660027568226,4.606220009189409,1.1515550022973522,33.33333333333333,"Tucson, AZ",blue
427,5.951902674487466,7.439878343109334,5.951902674487466,7.439878343109334,7.439878343109334,2.975951337243733,4.4639270058656,2.975951337243733,2.975951337243733,5.951902674487466,5.951902674487466,11.903805348974933,11.903805348974933,5.951902674487466,13.3917810175968,8.9278540117312,13.3917810175968,11.903805348974933,10.415829680353067,10.415829680353067,4.4639270058656,75.00000000000001,"Tulsa, OK",red
428,9.327662114767556,,,,,18.65532422953511,,,9.327662114767556,,,,27.982986344302667,,9.327662114767556,,9.327662114767556,,,,,,"Turlock, CA",blue
429,191.90174630589138,,,,,,,,,,,,,,,,,,,,,,"Turtle Creek, PA",blue
430,162.31131309852296,,,,,,,,,,,,,,,,,,,,,,"Union Gap, WA",red
431,106.9747539580659,,106.9747539580659,,,,,,,,,,,,,,,,106.9747539580659,213.9495079161318,106.9747539580659,100.0,"Union, SC",red
432,301.29557095510694,,,,,,,,,,,,,,,301.29557095510694,,301.29557095510694,,,,,"Uniontown, OH",red
433,20.552027457508686,,20.552027457508686,,,,,,,,,,,41.10405491501737,,20.552027457508686,,,,,,,"Uniontown, PA",red
434,1485.8841010401188,,,,,,,,,,,1485.8841010401188,,,,,,,,,,,"Upper Marlboro, MD",blue
435,97.75171065493646,,,,,,,,,,,,,,,,,,,,,,"Valley Cottage, NY",blue
436,0.6755008670053628,2.7020034680214513,0.6755008670053628,2.0265026010160887,,0.6755008670053628,1.3510017340107257,1.3510017340107257,,0.6755008670053628,,0.6755008670053628,1.3510017340107257,1.3510017340107257,1.3510017340107257,1.3510017340107257,,,1.3510017340107257,1.3510017340107257,0.6755008670053628,100.0,"Virginia Beach, VA",red
437,14.812400942068699,,,7.406200471034349,,7.406200471034349,7.406200471034349,7.406200471034349,14.812400942068699,7.406200471034349,,7.406200471034349,14.812400942068699,,,,,7.406200471034349,,,,,"Warren, MI",red
438,178.5076758300607,,,,,,,,,,,,,,,,,,,,,,"Warrenton, OR",blue
439,8.923790826343032,,,,8.923790826343032,,,,,17.847581652686063,,,8.923790826343032,8.923790826343032,8.923790826343032,,,,,8.923790826343032,0.0,0.0,"Waterloo, IA",blue
440,437.82837127845886,,,,,,,,,,,,,,,,,,,,,,"Watsontown, PA",red
441,185.3911753800519,,,,,,,,,,,,,,,,,,,,,,"Wayne, NE",red
442,25.371695336682397,,,,,,,,,,,,25.371695336682397,,,,,,,,,,"Wentzville, MO",red
443,57.920648711265564,,,,,,,,,,,,,57.920648711265564,,,,,173.7619461337967,,,,"West Columbia, SC",red
444,65.71813491933099,,32.859067459665496,,,,,,,,,,,,,,,32.859067459665496,,,,,"Westfield, NJ",blue
445,17.72861043151438,8.86430521575719,17.72861043151438,17.72861043151438,,,17.72861043151438,,,26.592915647271564,,,,,,,35.45722086302876,26.592915647271564,44.32152607878594,8.86430521575719,-8.86430521575719,-50.0,"Westminster, CO",blue
446,1300.3901170351105,,,,,,,,,,,,,,,,,,,,,,"White Springs, FL",red
447,207.2538860103627,,,,,,,,,,,,,,,,,,,,,,"Whiting, IN",blue
448,11.515695893502844,11.515695893502844,11.515695893502844,34.54708768050853,11.515695893502844,,11.515695893502844,,,,,11.515695893502844,11.515695893502844,11.515695893502844,,11.515695893502844,11.515695893502844,11.515695893502844,11.515695893502844,34.54708768050853,23.03139178700569,200.0,"Whittier, CA",blue
449,513.083632632119,,,,,,,,,,,,,,,,,,,,,,"Wiggins, MS",red
450,64.29214350006428,,,,,,,,,,,,128.58428700012857,,64.29214350006428,,,,,,,,"Wilkinsburg, PA",blue
451,239.0628735357399,,239.0628735357399,,239.0628735357399,,,,,,,,,239.0628735357399,,,,,,,,,"Williamston, SC",red
452,344.1156228492773,,344.1156228492773,,,,,,,,,,,,,,,,,,,,"Williamstown, WV",red
453,124.51749470800648,,,,,,,,,,,124.51749470800648,,,,,,,124.51749470800648,,,,"Willits, CA",blue
454,36.300275882096706,,,,36.300275882096706,,,,,,,,,36.300275882096706,,,,,,,,,"Windsor, CA",blue
455,971.8172983479105,,,,,,,,,,,,,,,,,,,,,,"Wolcottville, IN",red
456,740.7407407407406,,,,740.7407407407406,,,,,,,,,,,,,,,,,,"Wood River, NE",red
457,14.335684385572568,,,,,14.335684385572568,,,14.335684385572568,,14.335684385572568,,14.335684385572568,,,,,,,,,,"Woodbury, MN",blue
458,1273.8853503184712,,,,,,,,,,,,,,,,,,,,,,"Wrightstown, NJ",blue
459,129.43308309603935,,,,,,,,,,,,,,,,129.43308309603935,,,,,,"York, NE",red
460,8.538069115669492,4.269034557834746,12.807103673504237,4.269034557834746,8.538069115669492,8.538069115669492,4.269034557834746,12.807103673504237,8.538069115669492,8.538069115669492,4.269034557834746,12.807103673504237,8.538069115669492,4.269034557834746,,17.076138231338984,12.807103673504237,,8.538069115669492,4.269034557834746,-4.269034557834746,-50.0,"York, PA",red
461,47.44733345985955,,,,,,94.8946669197191,47.44733345985955,,47.44733345985955,47.44733345985955,,,,,,,,,,,,"Ypsilanti, MI",blue
462,74.54342154304882,74.54342154304882,,,,,37.27171077152441,37.27171077152441,,,,37.27171077152441,74.54342154304882,,,,,,,37.27171077152441,-37.27171077152441,-50.0,"Yukon, OK",red
463,379.65072133637057,,,,,,,,,189.82536066818528,,,189.82536066818528,189.82536066818528,,,,,,189.82536066818528,-189.82536066818528,-50.0,"Zebulon, NC",blue
