,county,Latitude,Longitude,death_count
0,Absecon,39.4517131,-74.5337485,1
1,Acadia,30.22932617142857,-92.35952178571426,7
2,Accomack,37.639239950000004,-75.74176725000001,2
3,Ada,43.61639871875,-116.287649,32
4,Adair,35.872908816666666,-94.64140225,6
5,Adams,39.721568190196066,-102.69314444313723,102
6,Addison,44.03471066666666,-73.13644679999999,3
7,Aiken,33.52354813,-81.79201262499998,20
8,Aitkin,46.39634125,-93.4239278,2
9,Alachua,29.66980389444445,-82.3347290777778,18
10,Alamance,36.09662316363636,-79.41016141818183,11
11,Alameda,37.72090931266375,-122.1396495323143,229
12,Alamosa,37.549245575,-105.86983635,4
13,Albany,42.406848600000004,-80.17077669333334,15
14,Albemarle,38.0517317625,-78.417399275,8
15,Alcona,44.7275809,-83.5084959,1
16,Alcorn,34.914557525,-88.5121206,4
17,Alexander,37.2352624,-89.2641438,1
18,Alexandria City,38.821312379999995,-77.0747997,5
19,Alger,46.274750399999995,-86.61524399999999,1
20,Allegan,42.628172416666665,-85.78224915,12
21,Allegany,39.618856075,-78.72363735,4
22,Alleghany,36.48166205,-81.10557245000001,2
23,Allegheny,40.4442916611111,-79.95116240833337,108
24,Allen,40.35716859999999,-85.51995480000001,49
25,Allendale,33.0046299,-81.3160569,1
26,Amador,38.371415500000005,-120.79997859999999,2
27,Amherst,37.557191360000004,-79.05852898,5
28,Amite,31.1938499,-91.01714390000001,1
29,Anchorage,61.207154505263155,-149.80904097894737,38
30,Anderson,34.708313827118644,-84.25394160338985,59
31,Andrew,40.000734449999996,-94.7838456,2
32,Andrews,32.3063664,-102.5424901,1
33,Androscoggin,44.10684468888889,-70.24721088888887,9
34,Angelina,31.34899544,-94.64623426,10
35,Anne Arundel,39.09688672894737,-76.61882776842107,38
36,Anoka,45.15707900666668,-93.28500229333332,15
37,Anson,34.977326485714286,-80.16479919999999,7
38,Antelope,42.1700064,-98.18840440000001,1
39,Apache,35.296570227272724,-109.27503097272728,11
40,Appling,31.667700800000002,-82.2613485,1
41,Appomattox,37.32018529999999,-78.8330672,1
42,Aransas,28.06013765,-97.0684859,2
43,Arapahoe,39.67897444333334,-104.84872025666664,60
44,Archuleta,37.037619,-106.92227700000001,1
45,Arkansas,34.2620633,-91.28218123333333,3
46,Arlington,38.87284189230769,-77.0879471923077,13
47,Armstrong,35.110532299999996,-101.3600306,1
48,Aroostook,46.01041325,-69.43502228999999,10
49,Ascension,30.224923722222222,-90.94642159999998,9
50,Ashe,36.41197245,-81.470656,2
51,Ashland,43.757792875,-86.512365125,4
52,Ashtabula,41.77678774545455,-80.78055790909093,11
53,Assumption,29.871207000000002,-90.99102490000001,1
54,Atascosa,28.992530325,-98.53588375,8
55,Atchison,39.5660336,-95.14187749999999,2
56,Athens,39.1908953,-81.7444669,1
57,Athens-Clarke,33.93896132500001,-83.391206725,4
58,Atkinson,31.2957875,-82.85355320000001,1
59,Atlantic,39.44629895999999,-74.55714825999999,20
60,Atoka,34.27190725,-95.9249757,2
61,Attala,33.0661104,-89.5782935,2
62,Audrain,39.16287,-91.64798359999999,1
63,Auglaize,40.53260769999999,-84.3648436,3
64,Augusta,38.10905326666667,-78.9639262,3
65,Aurora,43.708565,-98.627279,1
66,Austin,29.8793737,-96.2024954,2
67,Autauga,32.55266992857143,-86.47397867142857,7
68,Avery,36.0629041,-81.79740495,2
69,Avoyelles,31.080683775,-92.114896225,4
70,Baca,37.527915,-102.710792,1
71,Bacon,31.5393701,-82.4623557,1
72,Baker,30.493529559999995,-82.63905978,5
73,Baldwin,30.765715065384605,-87.41391278846154,26
74,Baltimore,39.352962207070696,-76.61978804242422,99
75,Baltimore City,39.30569980319999,-76.61956764239999,125
76,Bamberg,33.3846154,-81.07173470000001,1
77,Bandera,29.622586433333336,-98.97936943333333,3
78,Banks,34.240663299999994,-83.42675799999999,1
79,Bannock,42.83858491428572,-112.41128657142859,7
80,Barber,37.35669815,-98.692048125,4
81,Barbour,31.854263066666665,-85.20867138888889,9
82,Barnstable,41.71845661999999,-70.31114207,10
83,Barnwell,33.2451782,-81.36579253333333,3
84,Barren,37.06296596,-85.91694848,5
85,Barron,45.4035309,-91.8723682,3
86,Barrow,34.00133112,-83.77800667,10
87,Barry,41.020556509090916,-87.6689518,11
88,Bartholomew,39.2132339,-85.97412183333334,3
89,Barton,38.2457932,-98.11776531666668,6
90,Bartow,34.230504385,-84.83251657,20
91,Bastrop,30.19446775,-97.37032190000001,6
92,Bates,38.3408007,-94.34991310000001,4
93,Bath,38.15253886666667,-82.41852193333334,3
94,Baxter,36.307758542857144,-92.3587642142857,7
95,Bay,34.94691936451612,-85.0503779967742,31
96,Beadle,44.349448200000005,-98.2244633,1
97,Beaufort,32.61312230000001,-80.46181658333334,12
98,Beauregard,30.76569093333333,-93.21973683333333,6
99,Beaver,40.694390475,-80.3246053875,8
100,Beaverhead,45.158391800000004,-112.70684965,2
101,Beckham,35.352457025,-99.52808862500001,4
102,Bedford,37.09503245,-82.7336670625,8
103,Bedford City,37.33664936666667,-79.5036161,3
104,Bee,28.402627949999996,-97.74610489999999,4
105,Belknap,43.46922988,-71.48286438,5
106,Bell,31.871186608571424,-95.5648460685714,35
107,Belmont,40.00489083333333,-80.75787193333333,3
108,Beltrami,47.70947077142857,-94.92515142857144,7
109,Ben Hill,31.727235999999998,-83.241988,1
110,Benewah,47.2833944,-116.91199909999999,1
111,Bennington,42.768319299999995,-73.2416476,1
112,Benson,47.9799986,-98.9929005,1
113,Bent,38.105087100000006,-103.1244954,2
114,Benton,40.38768240714287,-103.21848085238095,42
115,Benzie,44.658864200000004,-85.8245566,1
116,Bergen,40.91503342857142,-74.05566823214285,28
117,Berkeley,35.25823639374999,-79.31916863125001,32
118,Berks,40.38739211923076,-75.91194844230768,26
119,Berkshire,42.438001799999995,-73.2591225,1
120,Bernalillo,35.09986076894409,-106.58871934161488,161
121,Berrien,41.08942156521741,-86.1148120130435,23
122,Bertie,36.0099287,-76.95486700000001,1
123,Bethel,60.794125733333324,-161.78157073333333,3
124,Bexar,29.45282694879031,-98.51394678911294,248
125,Bibb,32.82353737391305,-83.83985227391305,23
126,Big Horn,44.8447332,-107.70520660000001,2
127,Bingham,43.18933654999999,-112.3524516,2
128,Black Hawk,42.49489862222222,-92.35999337777778,9
129,Bladen,34.62866474,-78.67393002000001,5
130,Blaine,43.6891165,-114.37955659999999,1
131,Blair,40.46288185,-78.36874591666667,6
132,Bleckley,32.35726125,-83.33596285,2
133,Blount,35.4012159,-84.49327659,20
134,Blue Earth,44.14378358333334,-93.99004223333334,6
135,Bolivar,33.70514119999999,-90.78087581666666,6
136,Bond,38.903805649999995,-89.51337649999999,2
137,Bonner,48.3385336,-116.60906866,5
138,Bonneville,43.50425335714285,-111.97765190714283,14
139,Boone,39.71999415882354,-90.5379268617647,34
140,Bosque,31.8789869,-97.4115357,1
141,Bossier,32.518833092307695,-93.66388077692308,13
142,Botetourt,37.51384744,-79.71672258000001,5
143,Boulder,40.08200821304348,-105.19053525217392,23
144,Boundary,48.9840349,-116.17312350000002,1
145,Bourbon,38.11080182,-86.2927415,5
146,Bowie,33.44878597999999,-94.22948880999999,10
147,Box Butte,42.0971859,-102.87086479999999,1
148,Box Elder,41.485299600000005,-112.08093975,2
149,Boyd,38.40806606666666,-82.71132233333334,3
150,Boyle,37.56606585,-84.82085000000001,2
151,Bracken,38.758851299999996,-84.19618220000001,1
152,Bradford,32.34345288000001,-81.04451581999999,5
153,Bradley,35.09332364615384,-85.34075438461538,13
154,Branch,41.96215085,-85.049393175,4
155,Braxton,38.7168837,-80.7411573,2
156,Brazoria,29.251493344,-95.38694743600001,25
157,Brazos,30.632488900000002,-96.35689563333334,3
158,Breathitt,37.51973515,-83.387841,4
159,Breckinridge,37.7608984,-86.4404041,1
160,Brevard,28.21850863653847,-80.68011180192306,52
161,Brewster,30.3571192,-103.6684276,1
162,Bristol,41.04529020000001,-72.66444830434783,23
163,Bronx,40.84240298714286,-73.88800525857141,70
164,Brooke,40.3172314,-80.57669085,2
165,Brooks,28.02564495555555,-94.8891864888889,9
166,Broome,41.0634711,-76.9933192,5
167,Broomfield,39.93071822500001,-105.07169007499999,4
168,Broward,26.122873006211194,-80.20239864906839,161
169,Brown,41.36955244166666,-89.25668925833334,24
170,Brunswick,35.12253853,-78.11478727,10
171,Bryan,33.20448053333333,-91.45595926666668,3
172,Buchanan,39.623826811111115,-93.23295203888888,18
173,Buckingham,37.6335985,-78.46593715,2
174,Bucks,40.23413839032258,-75.0174489548387,31
175,Buena Vista,42.6538219,-95.20079129999999,1
176,Buffalo,41.334301499999995,-99.06654271666666,6
177,Bullitt,37.974136924999996,-85.69926732500001,4
178,Bulloch,32.41443336,-81.7388246,5
179,Buncombe,35.59468411818182,-82.62894620909091,11
180,Bureau,41.36784556666667,-89.62290006666667,3
181,Burke,35.749996010000004,-83.88199707999999,10
182,Burleigh,46.808156000000004,-100.76470481999999,5
183,Burleson,30.536554633333335,-96.65035276666667,3
184,Burlington,39.977663633333336,-74.78096414444444,18
185,Burnet,30.6791562,-98.28539885,2
186,Burnett,45.81652106666667,-92.47767836666667,3
187,Butler,38.43231373571429,-86.34024426071427,56
188,Butte,39.68432133499999,-121.39852896500001,40
189,Butts,33.26296765555555,-84.00222984444443,9
190,Cabarrus,35.37087856666667,-80.59042998333334,6
191,Cabell,38.41679794545454,-82.40706812727272,11
192,Cache,41.750181960000006,-111.79312852000001,5
193,Caddo,32.71896597413794,-94.18166458103447,58
194,Calaveras,38.163622325,-120.56808845,4
195,Calcasieu,30.240546952000003,-93.24048814799998,25
196,Caldwell,35.45311526363636,-83.55548309090909,11
197,Calhoun,36.67324088703703,-85.81783874629627,54
198,Callahan,32.3881685,-98.979222,1
199,Callaway,38.895835399999996,-91.91774216666666,6
200,Calloway,36.63535973333333,-88.3053364,3
201,Calvert,38.58363144,-76.59380788,5
202,Camas,43.621395,-114.867652,1
203,Cambria,40.363137875,-78.84999529999999,8
204,Camden,38.745287684210545,-76.1832564403509,57
205,Cameron,26.02200647741936,-97.57077820322581,31
206,Campbell,39.30099402105264,-88.00265429473684,19
207,Canadian,35.493881037499996,-97.77447062499999,16
208,Candler,32.25763753333333,-81.70453806666667,3
209,Canyon,43.60245301304348,-116.60432618695651,23
210,Cape Girardeau,37.33054993333333,-89.63693625555555,9
211,Cape May,39.12602878999999,-74.7626733,10
212,Carbon,41.312042946153845,-96.4252961230769,13
213,Carlton,46.71129765,-92.44314250000001,2
214,Caroline,38.698623500000004,-76.3634659,3
215,Carroll,36.43413889600001,-82.942929408,25
216,Carson,35.3449011,-101.3802673,1
217,Carson City,39.1781949,-119.7343998625,8
218,Carter,36.085667433333334,-86.64767486666668,21
219,Carteret,34.71821426666667,-76.80840996666667,3
220,Carver,44.82823776666667,-93.59502613333332,3
221,Cascade,47.50882525555556,-111.2892461888889,9
222,Casey,37.323013399999994,-84.9330005,1
223,Cass,40.75758135294118,-92.27361275000001,34
224,Caswell,36.5231001,-79.3956013,2
225,Catawba,35.696200049999995,-81.27108576666667,12
226,Catoosa,34.96324226666666,-85.17468889999999,6
227,Cattaraugus,42.465601899999996,-78.641544,1
228,Cayuga,42.933876700000006,-76.5787842,1
229,Cecil,39.631149315,-75.93563801999998,20
230,Cedar,40.40085906666666,-92.2396978,3
231,Centre,40.788883500000004,-77.8618302,4
232,Cerro Gordo,43.1545084,-93.2059311,2
233,Chaffee,38.63050313333333,-106.04489686666666,3
234,Chambers,30.632174812499997,-92.97696517499999,8
235,Champaign,40.16363665555556,-88.23996514444443,9
236,Charles,38.58138247000001,-76.97177384,10
237,Charles City,37.4013523,-77.19247929999999,1
238,Charleston,32.84262866521739,-79.99034473695653,46
239,Charlevoix,45.2656321,-84.9238376,1
240,Charlotte,26.962131957142855,-82.1352219,7
241,Charlottesville City,38.02896560000001,-78.47268215,2
242,Charlton,30.810393400000002,-81.998145,1
243,Chase,39.254256600000005,-99.19418060000001,2
244,Chatham,32.15424185853657,-81.10046507804877,41
245,Chattooga,34.3770282,-85.3943514,1
246,Chautauqua,42.371221524999996,-79.281630675,4
247,Chaves,33.41575202222222,-104.5151563,9
248,Cheatham,36.087239399999994,-87.09902159999999,1
249,Cheboygan,45.55365926666667,-84.54274436666667,3
250,Chelan,47.42205976666667,-120.32082053333333,3
251,Chemung,42.110717,-76.80218113333332,3
252,Chenango,42.4275723,-75.68960510000001,3
253,Cherokee,34.90262298846154,-87.86793680576922,52
254,Cherry,42.878655300000005,-100.55134195000001,2
255,Chesapeake City,36.83909150000001,-76.67535725,20
256,Cheshire,42.91912791428571,-72.30360224285712,7
257,Chester,38.6249038173913,-77.43038952608697,23
258,Chesterfield,36.95387260882354,-77.97601593823529,34
259,Cheyenne,41.152948466666665,-102.86453863333332,3
260,Chickasaw,38.4279652,-90.766455,2
261,Childress,34.47533875,-100.3106861,2
262,Chilton,32.86884925,-86.63781605,2
263,Chippewa,45.24711492,-89.92471185999999,5
264,Chisago,45.55281466666667,-93.02674685000001,6
265,Chittenden,44.492138222222216,-73.19262383333334,9
266,Choctaw,33.4332214,-92.52685974444444,9
267,Chouteau,34.272905,-110.747859,1
268,Christian,37.63982231111111,-91.72824685555554,9
269,Churchill,39.46984654,-118.18484882,5
270,Cibola,35.10332238333333,-107.66306453333334,6
271,Citrus,28.843553011764705,-82.4510605764706,17
272,Clackamas,45.36496193928571,-122.53549559642856,28
273,Claiborne,34.79422642857143,-87.31744078571428,7
274,Clallam,48.081305542857145,-123.51915391428574,7
275,Clare,43.9240279,-84.84429602,5
276,Clarion,41.21374375,-79.36483985000001,2
277,Clark,37.33483440030306,-112.90416297151518,330
278,Clarke,33.79306876800001,-85.319760332,25
279,Clatsop,46.071944725,-123.90610832499999,4
280,Clay,37.09944591290323,-90.51038583548386,62
281,Clayton,33.555194794444446,-84.36240373333334,36
282,Clear Creek,39.675641299999995,-105.60552709999999,1
283,Clearwater,46.4408044,-116.1315649,2
284,Cleburne,33.95972764,-86.82416332,5
285,Clermont,39.1281703,-84.1829047,7
286,Cleveland,35.25826839705881,-95.55832757647059,34
287,Clinch,31.0907033,-82.8972145,1
288,Clinton,41.59732649375,-85.98021756249999,16
289,Cloud,39.5708354,-97.66253959999999,1
290,Coahoma,34.2126245375,-90.57138913749999,8
291,Coal,34.5347267,-96.3590484,2
292,Cobb,33.8968550804878,-84.56295054390245,82
293,Cochise,31.548243959999997,-110.06750849000002,20
294,Cochran,33.7252708,-102.75937449999999,1
295,Cocke,35.91166696,-83.21170253999999,5
296,Coconino,35.55574007391305,-111.491957,23
297,Coffee,33.099427309999996,-84.46633781,10
298,Colbert,34.743646025,-87.67214085833332,12
299,Cole,38.54877785454545,-92.21023651818183,11
300,Coleman,31.8365807,-99.42620285000001,2
301,Colfax,38.121272371428574,-102.45668362857143,7
302,Colleton,32.13265027777778,-80.52483994444445,9
303,Collier,26.202029988235292,-81.58821718823529,17
304,Collin,33.10087017272727,-96.66180013636367,22
305,Colonial Heights City,37.27913275,-77.3922976,2
306,Colorado,29.694728899999998,-96.5829256,1
307,Colquitt,31.17007832,-83.78128648,5
308,Columbia,37.57697565227273,-90.02837121136365,44
309,Comal,29.742203224999997,-98.13713505000001,8
310,Comanche,34.615103684999994,-98.43937240000001,20
311,Concho,31.228928366666665,-99.86642216666667,3
312,Concordia,31.61302055,-91.51787445,2
313,Conecuh,31.3621388,-87.06487175,2
314,Contra Costa,37.95896864250001,-122.03523310000004,120
315,Contra Costa ,38.019836,-121.941996,1
316,Converse,42.78035526666667,-105.54126573333333,3
317,Conway,35.20958675,-92.702625825,4
318,Cook,41.78068683797054,-87.67495470818322,611
319,Cooke,33.5501508,-97.19544244999999,4
320,Cooper,38.93609910000001,-92.8463049,1
321,Coos,43.5352221,-113.75483966000002,5
322,Copiah,31.973007,-90.37915799999999,1
323,Cortland,42.6001996,-76.1779522,1
324,Coryell,31.221720966666666,-97.84605160000001,3
325,Coshocton,40.3237072,-81.95834835,2
326,Cotton,34.2688974,-98.2439613,1
327,Cottonwood,43.8638357,-95.1167135,1
328,Covington,31.431597374999996,-88.05009997500001,8
329,Coweta,33.381093657142856,-84.74116167142857,7
330,Cowley,37.12988046666667,-96.94380823333331,3
331,Cowlitz,46.1297521,-122.90557121176471,17
332,Craig,36.730671959999995,-95.13462166000001,5
333,Craighead,35.81592978571429,-90.67620552142856,14
334,Craven,35.10134142,-77.11100964,5
335,Crawford,38.400271423333336,-89.16194584000002,30
336,Creek,35.98507863076923,-96.2260448153846,13
337,Crenshaw,31.685461633333336,-86.19947826666667,3
338,Crisp,31.958401,-83.7608519,2
339,Crittenden,35.29370905625,-91.12166440624998,16
340,Crockett,35.845389175,-89.184989925,4
341,Cross,35.22580429999999,-90.78637370000001,1
342,Crow Wing,46.31100833333333,-94.2062742,3
343,Culberson,31.0433317,-104.8270387,1
344,Cullman,34.19471335,-86.86018776666667,6
345,Culpeper,38.47754915,-78.02463525,6
346,Cumberland,37.91113205050506,-77.28995281313131,99
347,Currituck,36.2291384,-75.88292740000001,1
348,Curry,34.39513145,-103.19161225,2
349,Custer,39.18247375454546,-102.0073422181818,11
350,Cuyahoga,41.469740142011815,-81.65043709349116,169
351,Dade,37.342547700000004,-93.702428,1
352,Dakota,44.457011173913045,-93.56057131304347,23
353,Dale,31.42831725,-85.63919417000001,10
354,Dallam,36.052799799999995,-102.50222074999999,2
355,Dallas,33.21439657113403,-96.30670082474224,291
356,Dane,43.06798923023256,-89.37039433023256,43
357,Danville City,36.5889368375,-79.3960013375,8
358,Dare,35.9346208,-75.65751850000001,2
359,Darke,40.216699549999994,-84.53484075,2
360,Darlington,34.360247425,-80.005683025,8
361,Dauphin,40.28198537741937,-76.84110409677422,31
362,Davidson,36.096261291176475,-85.50548288823532,68
363,Davie,35.87046289999999,-80.55211340000001,1
364,Daviess,38.01917826,-87.57562580666666,15
365,Davis,40.54952066818182,-109.8221146590909,22
366,Davison,43.7060017,-98.01662515,2
367,Dawes,42.80145665,-103.1650175,2
368,Dawson,39.79456456666667,-95.44371608333334,6
369,De Baca,34.4382063,-104.5947949,1
370,De Soto,33.47897965,-92.01479455,2
371,De Witt,40.14521920000001,-88.9553872,1
372,DeKalb,34.42486497881356,-84.71530337881354,118
373,DeSoto,34.47324647391304,-89.8028081478261,23
374,DeWitt,29.091986699999996,-97.2929621,1
375,Deaf Smith,34.809045700000006,-102.41475290000001,1
376,Dearborn,39.0062245,-84.881283,1
377,Decatur,34.6304999125,-87.26749641250001,8
378,Defiance,41.275546899999995,-84.34807579999999,1
379,Dekalb,33.68438353333334,-84.35293186666667,3
380,Del Norte,41.77354026,-124.17459498000001,5
381,Delaware,39.756314004918025,-79.8515197360656,61
382,Delta,38.705987300000004,-107.86525956666667,3
383,Denali,63.84747410000001,-149.01645180000003,1
384,Dent,37.6515158,-91.33621059999999,2
385,Denton,33.162097603125,-97.06938849687502,32
386,Denver,39.732913874074086,-104.97935752592595,108
387,Des Moines,40.848078120000004,-91.13242452,5
388,Deschutes,44.083136221428575,-121.33022387857143,14
389,Deuel,41.057214650000006,-102.07587165000001,2
390,Dewey,42.738119225000005,-100.5972838,4
391,Dickenson,37.0750546,-82.45264420000001,1
392,Dickinson,41.7956664875,-94.3880831375,8
393,Dickson,36.3016559,-87.3474306,1
394,Dillon,34.34197685,-79.435928975,4
395,Dimmit,28.543690437499997,-99.67094978750002,8
396,Dinwiddie,37.06900435,-77.5729609,2
397,District of Columbia,38.891398993975905,-76.9915154072289,83
398,Dixie,29.651686666666667,-83.10315666666666,3
399,Dixon,42.2305588,-97.01782359999999,1
400,Dodge,40.11415865454545,-89.33717667272728,11
401,Dona Ana,32.21930624634146,-106.59233412439023,41
402,Doniphan,39.7591606,-94.9496907,1
403,Dooly,32.059955699999996,-83.62119849999998,1
404,Dorchester,34.00623502352941,-79.4952145411765,17
405,Dougherty,31.573983616666666,-84.15041225,6
406,Douglas,40.605120289208635,-98.9607237158273,139
407,Drew,33.535206699999996,-91.6588605,2
408,DuPage,41.83640665,-88.08505130454547,22
409,Dubuque,42.51389615,-90.67321935000001,6
410,Duchesne,40.25007393333334,-110.1282924,3
411,Dunklin,36.27509536666667,-90.0592582,3
412,Dunn,45.04089423333334,-91.87433173333334,3
413,Duplin,35.152475,-78.102784,1
414,Durham,35.998873208,-78.89256698,25
415,Dutchess,41.7195528888889,-73.8258278,9
416,Duval,30.321188137226272,-81.64720492627735,137
417,Dyer,36.05814992222222,-89.39616114444443,9
418,Eagle,39.63947313333333,-106.66147756666665,3
419,East Baton Rouge,30.460542279365075,-91.11933271428573,63
420,East Feliciana,30.845219500000002,-91.11692574,5
421,Eastland,32.3886481,-98.92889646666667,3
422,Eaton,42.64707605,-84.7035955625,8
423,Eau Claire,44.7825284,-91.39987517272728,11
424,Ector,31.86836342,-102.39102117999998,20
425,Eddy,32.45710472857143,-104.28061121428571,14
426,Edgecombe,35.94419592857143,-77.67310441428572,7
427,Edgefield,33.7108777,-81.93115075,2
428,Edwards,38.3782722,-88.0495445,1
429,Effingham,32.2561589875,-81.27012725,8
430,El Dorado,38.776667018750004,-120.62066096874999,16
431,El Paso,35.603009369863,-105.5187189034246,146
432,Elbert,37.7210102,-97.35857019999999,3
433,Elkhart,41.67091295909091,-85.93541250454544,22
434,Elko,40.78327421666666,-115.42856350000001,6
435,Ellis,35.51439031111111,-98.11083828888889,18
436,Elmore,34.80926982857143,-92.48262162142859,14
437,Emanuel,32.580258,-82.2977592,2
438,Emery,39.458835,-111.144384,1
439,Emmet,45.53881306666667,-84.77489976666668,3
440,Emporia City,36.6928329,-77.5376482,1
441,Erath,32.13004505,-98.1777313,2
442,Erie,42.453782968421045,-79.59132013157894,38
443,Escambia,30.593444432558133,-87.26181707674418,43
444,Essex,41.14933582993199,-73.68398777074832,147
445,Estill,35.8378244,-83.73624029999999,1
446,Etowah,34.02199348125,-85.99345670625,16
447,Eureka,39.5287125,-116.32866729999999,1
448,Evangeline,30.68201288571429,-92.40073808571428,7
449,Evans,32.217782,-81.926223,1
450,Fairbanks North Star,64.83988645,-147.64994354444445,18
451,Fairfax,38.81866451212122,-77.2223361878788,33
452,Fairfield,41.005963270270286,-74.85723832162162,37
453,Falls,31.35208823333333,-96.94182256666666,3
454,Fannin,33.721920025,-94.73692276250001,8
455,Faulkner,35.078528866666666,-92.4119619,3
456,Fauquier,38.66451195,-77.79665564999999,2
457,Fayette,38.097412584126985,-83.69219532539685,63
458,Fentress ,36.191998100000006,-85.0129509,1
459,Ferry,48.85542255,-118.59554630000001,2
460,Fillmore,43.6593501,-91.9130494,1
461,Finney,37.96775378,-100.85973308,5
462,Flagler,29.517113075,-81.26153565,4
463,Flathead,48.2807673625,-114.38941138749999,8
464,Fleming,38.389994,-83.67651323333332,3
465,Florence,34.092752600000004,-79.7329016,12
466,Floyd,37.45981305238096,-85.09696841904763,21
467,Foard,33.9872679,-99.7240199,1
468,Fond du Lac,43.719996933333334,-88.40718943333333,3
469,Ford,38.91380182,-95.22639871999999,5
470,Forest,45.56739982222222,-88.90622501111109,9
471,Forrest,31.291818009090903,-89.29087210909091,11
472,Forsyth,35.31803493750001,-81.88460402916668,24
473,Fort Bend,29.625355546874992,-95.653105471875,32
474,Franklin,39.583052242173935,-84.95073362217391,230
475,Franklin City,36.6905547,-76.9385932,1
476,Frederick,39.365267728125005,-77.57067724687496,32
477,Fredericksburg City,37.94325995,-77.45208345,4
478,Freeborn,43.6463072,-93.371178,1
479,Freestone,31.725775399999996,-96.1599483,1
480,Fremont,40.802098746666665,-106.28752186666665,15
481,Fresno,36.745483199999995,-119.783289421118,161
482,Frio,28.668043199999996,-99.1602231,1
483,Fulton,34.1379537281768,-84.21913974585638,181
484,Gadsden,30.537790666666666,-84.57545950000001,3
485,Gage,40.15649760000001,-96.69574080000001,2
486,Gaines,32.7268685,-102.8562248,1
487,Gallatin,43.72673032857142,-103.61758060000001,7
488,Gallia,38.842529,-82.267415,1
489,Galveston,29.759809260526325,-94.74626287105264,38
490,Garfield,38.10789236363637,-103.1284473727273,11
491,Garland,34.49187478,-93.09254529333333,15
492,Garrard,37.62176144,-84.5755899,5
493,Garrett,39.6895643,-79.1047125,1
494,Garvin,34.773723200000006,-97.27189282499998,8
495,Gasconade,38.52701355,-91.4711231,2
496,Gaston,35.30422445909091,-81.17168114090912,22
497,Geary,39.02741868333333,-96.83094556666664,6
498,Geauga,41.52588305,-81.13853600000002,2
499,Gem,43.87046335,-116.41710164999999,2
500,Genesee,43.00946389107145,-83.50593027499998,56
501,Geneva,31.09103685,-85.71454260000002,2
502,Gentry,40.110935999999995,-94.2089195,1
503,George,30.8686182,-88.61231676666667,3
504,Georgetown,33.47964423333333,-79.32564153333333,6
505,Gibson,36.22291358571429,-88.67901950000001,7
506,Gila,33.85676543333333,-111.05883673333335,6
507,Gilchrist,29.683580999999997,-82.8467685,2
508,Giles,36.57758784999999,-82.83953776666665,6
509,Gillespie,30.237423200000002,-99.2430291,1
510,Glacier,48.5261402,-112.8394329,4
511,Gladwin,43.857485100000005,-84.4211378,1
512,Glascock,33.2334555,-82.5954099,1
513,Glenn,39.7474507,-122.2054318,1
514,Gloucester,39.45319870666666,-75.33310502666667,15
515,Glynn,31.198188708333337,-81.47752079166666,12
516,Gogebic,46.472447466666665,-90.09230296666665,3
517,Gonzales,29.618022349999997,-97.3767448,2
518,Goochland,37.801578000000006,-77.92739399999999,1
519,Goodhue,44.45648255,-92.772257675,4
520,Gooding,42.84921525,-114.6804352,2
521,Gordon,34.53285672,-84.91916522,5
522,Goshen,42.0624646,-104.1843942,1
523,Gove,39.093236899999994,-100.44428205,2
524,Grady,34.319333199999996,-95.6482987,12
525,Grafton,43.89988405,-72.0136366,2
526,Graham,32.8176011,-109.7329459,1
527,Grainger,36.3385946,-83.48600325000001,2
528,Grand,39.17130760000001,-108.23219816000001,5
529,Grand Forks,46.91173605000001,-94.36645730000001,8
530,Grand Traverse,44.68788592000001,-85.67346061999999,5
531,Granite,46.3367872,-113.3105013,1
532,Grant,39.421420919999996,-96.88076419666668,30
533,Granville,36.185017571428574,-78.67507581428572,7
534,Graves,36.613746,-88.505685,1
535,Gray,36.6833294,-100.65667155,2
536,Grays Harbor,47.00703994444445,-123.73633543333332,9
537,Grayson,35.251300536363644,-90.98333460000002,11
538,Green,42.59768830000001,-89.59911246666665,3
539,Green Lake,43.8446197,-88.94421170000001,1
540,Greenbrier,37.82203713333333,-80.48825986666667,3
541,Greene,37.17219439178085,-88.93328562876717,73
542,Greenlee,33.05628230000001,-109.32856149999999,1
543,Greensville,36.67813435,-77.55695664999999,2
544,Greenup,38.5183044,-82.7274629,2
545,Greenville,34.84255407118644,-82.38029600338982,59
546,Greenwood,34.986383369230765,-85.40637076923076,13
547,Greer,34.8857171,-99.5112522,1
548,Gregg,32.472503386956525,-94.80717141739129,23
549,Grenada,33.75553764285714,-89.81449978571429,7
550,Grimes,30.5225408,-95.88644024999999,2
551,Grundy,38.00701687142857,-87.45717521428571,7
552,Guadalupe,29.570245500000006,-98.11817596666666,9
553,Guernsey,40.027487199999996,-81.39317020000001,2
554,Guilford,36.04825508205129,-79.8682831051282,39
555,Gulf,29.814683199999997,-85.30263765000001,2
556,Gunnison,38.780811,-106.869948,1
557,Guthrie,41.6924753,-94.37100670000001,1
558,Gwinnett,33.96647188550725,-84.08226046956524,69
559,HInds,32.2616005,-90.255207,1
560,Habersham,34.575312733333334,-83.56387203333334,3
561,Hale,34.2016403,-101.7099014,4
562,Halifax,36.455150175,-78.1168302875,8
563,Hall,36.88823478571428,-89.55005762857142,28
564,Hamblen,36.2177996,-83.28528915,10
565,Hamilton,37.64822180066227,-84.9019872569537,151
566,Hampden,42.10405565000001,-72.59316133888888,18
567,Hampshire,40.298823666666664,-76.47455043333333,3
568,Hampton,32.870975300000005,-81.11442559999999,1
569,Hampton City,37.03000636666666,-76.36182651666667,12
570,Hancock,36.89704373461538,-84.34821012692308,26
571,Hanover,37.663599,-77.4102848,1
572,Haralson,33.789282,-85.21294649999999,4
573,Hardeman,34.7224606,-94.4159329,4
574,Hardin,37.234356465217395,-88.81641936956521,23
575,Harford,39.52610914210526,-76.25541274210525,19
576,Harlan,36.8511491,-83.28005833333333,3
577,Harnett,35.3692569875,-78.83108974999999,8
578,Harney,44.320696999999996,-118.94906200000001,1
579,Harper,37.286705299999994,-98.0259791,1
580,Harris,29.838332702486664,-95.34779729982233,563
581,Harrison,33.34099122444444,-88.49164079111112,45
582,Harrisonburg City,38.4323557,-78.8429978,1
583,Hart,37.213811699999994,-85.81723815000001,2
584,Hartford,41.748822586486504,-72.69059275135136,37
585,Hartley,35.69435355,-102.36432730000001,2
586,Harvey,38.044464250000004,-97.3701170625,8
587,Hawaii,19.596812616666668,-155.2610620875,24
588,Hawkins,36.457376142857136,-82.98034464285713,7
589,Hays,29.907603492307693,-97.96175008461539,13
590,Haywood,35.562436525,-84.4911458,4
591,Heard,33.3041972,-85.0639992,3
592,Hempstead,33.482665600000004,-93.60525859999998,1
593,Henderson,34.96363119565218,-87.1349587478261,23
594,Hendersonvlle,35.3779949,-82.50416899999999,1
595,Hendricks,39.73089425,-86.403241375,4
596,Hendry,26.753422050000005,-81.4686445,2
597,Hennepin,44.96962616601943,-93.31259123009711,103
598,Henrico,37.56886435999999,-77.43415497,30
599,Henry,35.97366717636365,-84.81129981090906,55
600,Herkimer,43.249687533333336,-74.99647206666668,3
601,Hernando,28.495995869999994,-82.48982364000001,20
602,Hertford,36.383131250000005,-76.9659415,2
603,Hickman,36.0800439,-87.67955271999999,5
604,Hidalgo,26.252569020000003,-98.30736414500001,60
605,Highland,39.202981,-83.585574,1
606,Highlands,27.386713325000002,-81.4331934125,8
607,Hill,37.45040533333333,-101.42474736666667,3
608,Hillsborough,29.658438089655164,-81.1857654801724,116
609,Hillsdale,41.9727336,-84.75246435,2
610,Hinds,32.31713005740742,-90.22831127592592,54
611,Hitchcock,40.22970120000001,-100.8301373,1
612,Hocking,39.56975426666666,-82.37211683333334,3
613,Hockley,33.5798815,-102.37111393333333,3
614,Hodgeman,38.0844625,-99.8934619,1
615,Hoke,35.0072214,-79.16774790000001,1
616,Holmes,33.15313408181817,-88.11717552727272,11
617,Holt,40.198099299999996,-95.36513199999999,1
618,Honolulu,21.367885775362332,-157.94553240434783,69
619,Hood,32.43960885,-97.7706268,2
620,Hopewell City,37.28470886,-77.3034772,5
621,Hopkins,35.691992425,-90.5108331125,8
622,Horry,33.81295979142857,-78.95181067142858,35
623,Hot Spring,34.37012142,-92.78326281999998,5
624,Houston,31.69336660294117,-85.36563299411766,34
625,Howard,37.80218842962963,-84.72276046666667,27
626,Howell,36.8888459,-91.75899443333334,3
627,Hubbard,46.9441117,-94.936992,2
628,Hudson,40.73407211562499,-74.06789527812501,32
629,Hudspeth,31.3030619,-105.4023731,2
630,Huerfano,37.632821,-104.7706115,1
631,Hughes,38.26655986666667,-97.48200046666666,3
632,Humboldt,40.88112478888889,-122.67825599999999,27
633,Humphreys,33.0495712,-90.57342609999999,1
634,Hunt,33.06256095714286,-96.05793818571429,7
635,Hunterdon,40.59558274,-74.83515200000001,5
636,Huntingdon,40.57418245,-78.07464544999999,2
637,Huntington,40.883157357142856,-85.44771030000001,7
638,Huron,41.93964843333333,-82.95929576666667,3
639,Hutchinson,35.628265,-101.5657568,1
640,Iberia,29.990141190909085,-91.82297342727271,11
641,Iberville,30.283494983333338,-91.24118544999999,6
642,Ida,42.350190000000005,-95.4674947,1
643,Idaho,45.422110499999995,-116.31541090000002,1
644,Imperial,32.859853095,-115.54685317500005,40
645,Independence,35.745078750000005,-91.6603047,2
646,Indian River,27.648406045454543,-80.43817447272727,11
647,Indiana,40.519785266666666,-79.12917102222222,9
648,Ingham,42.6855582,-84.54874195000001,8
649,Inyo,36.39406026666666,-116.86275616666666,3
650,Ionia,42.99497498461539,-85.12693768461538,13
651,Iosco,44.4488026,-83.330044,1
652,Iowa,41.5570364,-92.02452385,4
653,Iredell,35.750583052631576,-80.88385753684211,19
654,Iron,39.89451595,-101.68530185,4
655,Isabella,43.5678674,-84.777496,2
656,Island,48.284110825,-122.60861672499999,4
657,Isle of Wight,36.985465166666664,-76.6110953,3
658,Itasca,47.262681,-93.6271432,1
659,Itawamba,34.4453734,-88.1769341,1
660,Izard,35.991052200000006,-91.8758762,1
661,Jackson,38.261830383277626,-94.52689186153846,299
662,James City,37.23439973333333,-76.6404589,3
663,Jasper,36.08456122972974,-91.17595131891895,37
664,Jay,40.411246733333336,-85.11990279999999,3
665,Jeff Davis,31.742660100000002,-82.7304013,1
666,Jefferson,35.789144157105945,-91.14004451602061,387
667,Jefferson Davis,30.975783940000003,-91.03314420000001,5
668,Jenkins,32.82654523333333,-81.9394314,3
669,Jennings,38.999108,-85.750454,1
670,Jerome,42.63613475,-114.35455585,2
671,Jersey,39.1106592,-90.3208299,2
672,Jessamine,37.83542453333333,-84.57235283333334,3
673,Jewell,39.7883937,-98.2102765,1
674,Jim Hogg,27.205213314285718,-98.74758420000002,7
675,Jim Wells,27.68368835,-98.023455025,4
676,Jo Daviess,42.350056200000004,-90.0138678,1
677,Johnson,38.41095925,-92.88929211969696,66
678,Johnson ,32.747934,-82.8543,1
679,Johnston,35.02939945999999,-85.66117144,10
680,Johnston County,35.6447024,-78.45896479999999,1
681,Jones,32.18713823636363,-90.06044621818181,11
682,Josephine,42.38926372727273,-123.43508094545454,11
683,Juab,39.679728999999995,-111.841626,1
684,Juneau,58.38731155000001,-134.5701636,2
685,Kalamazoo,42.27437319310344,-85.55434035172415,29
686,Kanabec,45.8321962,-93.22918935000001,2
687,Kanawha,38.39003853214285,-81.65636501428573,28
688,Kandiyohi,45.116489,-95.0336386,1
689,Kane,41.89301797931035,-88.33148889655173,29
690,Kankakee,41.090861100000005,-87.90694090000001,1
691,Kauai,21.953749150000004,-159.59424753333334,6
692,Kaufman,32.60243394166667,-96.28413504166667,12
693,Kay,36.757562750000005,-97.1931635,2
694,Keith,41.06383300000001,-101.78209773333333,3
695,Kenai Peninsula,60.22558770666667,-150.50386612,15
696,Kendall,36.40308942222222,-92.99854292222223,9
697,Kennebec,44.364535030769225,-69.70958046153845,13
698,Kenosha,42.5681412,-87.89215860909093,11
699,Kent,41.991019652000006,-82.959678772,50
700,Kenton,39.04211812222223,-84.54325414444446,9
701,Keokuk,41.295684200000004,-92.2517845,1
702,Kern,35.37054121513159,-118.9330268750001,152
703,Kerr,30.055155262499998,-99.15027465,8
704,Kershaw,34.303746159999996,-80.57805662000001,5
705,Ketchikan Gateway,55.348303,-131.648924,1
706,Kewaunee,44.4780596,-87.5794807,1
707,Kimball,41.226127000000005,-103.6648272,2
708,Kimble,30.500013899999995,-99.7634687,1
709,King,47.52838080666665,-122.26164695538456,195
710,King George,38.26589475,-77.17519955,2
711,King William,37.724424600000006,-77.03386435,2
712,Kingfisher,35.7404289,-97.9680571,1
713,Kingman,37.6446782,-98.26963334999999,2
714,Kings,40.072401309395964,-80.08878869798657,149
715,Kinney,29.32335356666667,-100.41447356666667,3
716,Kiowa,38.448302000000005,-102.439615,1
717,Kitsap,47.5930495631579,-122.6252945842105,19
718,Kittitas,47.09227435,-120.6865295,2
719,Klamath,42.36688783333333,-121.76954005555558,9
720,Kleberg,27.466231033333333,-97.83280119999999,9
721,Klickitat,45.6604343,-120.95974620000001,1
722,Knott,37.325854533333334,-82.9352271,3
723,Knox,36.77326655135135,-85.08126359459459,74
724,Kootenai,47.72523327692308,-116.80244475384615,13
725,Kosciusko,41.25057803333333,-85.82355593333334,3
726,La Crosse,43.931323275,-91.18685067500002,8
727,La Paz,33.89865473,-111.13932123,10
728,La Plata,37.202265133333334,-107.8754462,3
729,La Salle,30.6724131,-94.54171336666666,3
730,LaGrange,41.5263898,-85.2615952,1
731,LaPorte,41.644404487500005,-86.81071645,8
732,LaRue,37.5739497,-85.73996059999999,1
733,LaSalle,39.44424495714286,-90.48011794285715,7
734,Labette,37.032678999999995,-95.09973070000001,1
735,Lackawanna,41.43607238571428,-75.64803427142859,7
736,Laclede,37.6638975,-92.5905221,3
737,Lafayette,30.92189454146341,-92.03395208780488,41
738,Lafourche,29.603538333333333,-90.50399684444444,9
739,Lake,39.65717370891721,-89.66196284968154,157
740,Lamar,32.97872087500001,-90.834535255,20
741,Lamb,33.939107250000006,-102.2356667,2
742,Lamoille,44.5940784,-72.8366808,1
743,Lampasas,31.139595899999996,-97.95992,1
744,Lancaster,39.918629993877545,-82.82939585714286,49
745,Lander,40.581401899999996,-116.84936880000001,1
746,Lane,44.028840375862075,-123.11365929310345,29
747,Langlade,45.13296629999999,-89.1740467,1
748,Lapeer,43.07129223333334,-83.048190675,12
749,Laramie,41.13134931538462,-104.79948003076923,13
750,Larimer,40.535863211428556,-105.10684415142855,35
751,Larue,37.5161124,-85.70354015,2
752,Las Animas,37.1568081,-104.56922790000002,4
753,Lasalle,41.335289,-89.070999,1
754,Lassen,40.593169149999994,-120.80890984999999,2
755,Latah,46.610662299999994,-116.9499216,1
756,Latimer,35.129855799999994,-96.40024704999999,2
757,Lauderdale,34.02913755862068,-88.01222338275862,29
758,Laurel,37.14199284,-84.09327110000001,5
759,Laurens,33.61103436363636,-82.38533460000001,11
760,Lavaca,29.37104785,-97.11847,2
761,Lawrence,37.91430846,-86.16901341500001,40
762,Le Flore,35.152075599999996,-94.7044507,6
763,Le Sueur,44.28499229999999,-93.9687245,1
764,LeFlore,34.2858959,-92.38983095,2
765,Lea,32.68893621,-103.18201982999999,10
766,Leake,32.72390008000001,-89.49343558000001,5
767,Leavenworth,39.28292723333333,-94.92819045,12
768,Lebanon,40.335687099999994,-76.49693612857143,7
769,Lee,30.18588557472527,-84.108360278022,91
770,Leflore,33.5201067,-90.1840067,1
771,Lehigh,40.61246790689656,-75.51695292758622,29
772,Lenawee,41.91148648000001,-84.10811349,10
773,Lenoir,35.29246646,-77.5632122,5
774,Leon,30.496161278260864,-84.78680642173913,23
775,Letcher,37.18814445,-82.753745325,4
776,Levy,29.488751,-82.896686,1
777,Lewis,42.801409783333334,-106.08403900833332,12
778,Lewis And Clark,47.266262,-112.214611,1
779,Lewis and Clark,46.6206066,-111.932415675,4
780,Lexington,33.900526157142856,-81.2283204342857,35
781,Lexington City,37.785759999999996,-79.43971295,2
782,Liberty,31.203975195238087,-86.60581052380951,21
783,Licking,40.0672011,-82.53531663999999,10
784,Limestone,33.91449760909091,-89.59898490909092,11
785,Lincoln,37.572026479310345,-93.40003147413793,58
786,Linn,42.58362262727274,-98.75702919545456,22
787,Litchfield,41.68200830000001,-73.144230825,4
788,Live Oak,28.405072099999998,-98.12446226666667,3
789,Livingston,36.969605086486496,-87.61411492162165,37
790,Llano,30.773581580000002,-98.58195586,5
791,Logan,38.19036642307692,-90.97590816923078,13
792,Long,31.701908950000004,-81.73754585,2
793,Lonoke,34.87007903000001,-92.01065605000001,10
794,Lorain,41.363406114285716,-82.14815083571429,14
795,Los Angeles,34.04353359828569,-118.202079457796,1225
796,Loudon,35.7987036,-84.29094177142858,7
797,Loudoun,38.9849722,-77.52782426249999,8
798,Louisa,39.6734654,-84.68817965,2
799,Love,33.940651,-97.126251,1
800,Lowndes,32.09053467333333,-85.75899813333334,15
801,Lubbock,33.58736999393939,-101.87266495454546,33
802,Lucas,41.66165906086956,-83.5666050173913,46
803,Luce,46.32759025,-85.50143935,2
804,Lumpkin,34.5921459,-84.01205350000001,1
805,Luna,32.23105283333333,-107.75769883333335,3
806,Lunenburg,37.001847600000005,-78.2101679,1
807,Luzerne,41.167201291666665,-75.94139515416664,24
808,Lycoming,41.240704162499995,-76.99475262500002,8
809,Lynchburg,37.413424,-79.14925720000001,1
810,Lynchburg City,37.387627433333336,-79.14496316666667,3
811,Lynn,33.16580845,-101.79842495,2
812,Lyon,38.707663437499995,-106.6612366,8
813,Mackinac,46.057836499999986,-84.74812233333334,3
814,Macomb,42.544022643999995,-82.96700177399998,50
815,Macon,37.03490006153846,-89.75097160000001,13
816,Macoupin,39.043314824999996,-89.91116939999999,4
817,Madera,37.05536868235294,-119.96009559999999,17
818,Madison,36.643700684722205,-87.63933771180555,144
819,Magoffin,37.5358631,-82.9207172,1
820,Mahaska,41.363654700000005,-92.78480290000002,1
821,Mahnomen,47.3234932,-95.5389546,1
822,Mahoning,41.06666273571428,-80.68680182142857,14
823,Major,36.3613444,-98.52792695000001,2
824,Malheur,44.03028126666667,-116.98961286666668,3
825,Manassas City,38.754856200000006,-77.49520270000001,1
826,Manatee,27.46826958275862,-82.55686326896551,29
827,Manistee,44.258374800000006,-86.1015748,3
828,Manitowoc,44.141741475,-87.61347187499999,4
829,Marathon,44.948920216666664,-89.65931970000001,6
830,Marengo,32.31050495,-87.9011778,2
831,Maricopa,33.490097964075666,-112.05467178403354,476
832,Maries,38.1186002,-91.81433394999999,2
833,Marin,38.19532215625,-122.63084868749999,16
834,Marinette,45.2165217,-87.87587606,5
835,Marion,38.36168044600001,-89.09814065049997,200
836,Marlboro,34.65137476666666,-79.59169873333333,3
837,Marquette,46.447109100000006,-87.8142824,2
838,Marshall,36.20820067575757,-89.91999975151515,33
839,Martin,29.735937373333332,-82.21479097333332,15
840,Mason,44.73453125,-108.40872135000001,8
841,Massac,37.1690238,-88.69331136666666,3
842,Matagorda,28.9827565,-95.969402,1
843,Matanuska-Susitna,61.59717052272726,-149.4161650181818,22
844,Mathews,37.482122600000004,-76.30790479999999,1
845,Maui,20.821986425,-156.4614833625,8
846,Maury,35.63026396153847,-87.04581946923076,13
847,Maverick,28.73724215,-100.49976465,2
848,Mayes,36.2689115,-95.34734758750001,8
849,McClain,34.97282075,-97.3592303,2
850,McCook,43.4876893,-97.3124111,3
851,McCracken,37.06351504285715,-88.64143971428571,7
852,McCurtain,33.917179966666666,-94.7817162,3
853,McDonald,36.61544214999999,-94.5072958,2
854,McDonough,40.4732213,-90.6714431,1
855,McDowell,36.811685233333336,-81.83040863333333,9
856,McDuffie,33.46212655,-82.4661821,2
857,McHenry,42.340585842857145,-88.35308175714286,7
858,McIntosh,35.25018565,-89.13072633333333,6
859,McKean,41.77183970000001,-78.26451999999999,1
860,McKinley,35.57406853,-108.64539984999999,10
861,McLean,40.48949054444444,-88.96188088888889,9
862,McLennan,31.49982126071429,-97.1679784357143,28
863,McLeod,44.891088200000006,-94.3755574,1
864,McMinn,35.45411414,-84.57564698000002,5
865,McPherson,38.29219875,-97.623983175,4
866,Mecklenburg,35.31559957297296,-80.72421054864867,74
867,Mecosta,43.650467433333326,-85.3659778,3
868,Medina,37.93311622727272,-86.48502848181819,11
869,Meigs,37.312115475,-83.391739,4
870,Menard,30.892146566666668,-99.87915603333335,3
871,Mendocino,39.3223921875,-123.3753910125,16
872,Menominee,45.043233066666666,-87.97006263333333,3
873,Merced,37.30198190789473,-120.64078414999999,38
874,Mercer,39.84106528958335,-77.26750583750001,48
875,Meriwether,33.064753925000005,-84.75648544999999,4
876,Merrimack,43.265382620000004,-71.55376936,5
877,Mesa,39.090731850000004,-108.58422373999997,20
878,Metcalfe,37.0386113,-85.5923903,2
879,Miami,39.49941468571428,-89.01843947142858,7
880,Miami-Dade,25.785746534893626,-80.27027062851063,235
881,Middlesex,41.37034288235293,-72.89880752745098,51
882,Midland,32.89354418846153,-100.71519459615388,26
883,Mifflin,40.6107448,-77.565656,1
884,Milam,30.83797295,-97.03915075,2
885,Millard,39.0265162,-112.27633835,2
886,Mille Lacs,45.97381593333333,-93.58971876666665,3
887,Miller,36.159497471428566,-93.16872925714286,7
888,Mills,41.0128706,-95.7269577,1
889,Milwaukee,43.04859192296297,-87.95030411259259,135
890,Mineral,41.666318499999996,-110.79408831666666,6
891,Mingo,37.725927,-82.15242155,4
892,Minnehaha,43.551064479999994,-96.73703118,5
893,Missaukee,44.2808651,-85.2150395,1
894,Mississippi,35.9819507375,-89.9622385375,8
895,Missoula,46.86449564444444,-113.9621925,9
896,Mitchell,33.50588815,-83.10163745,4
897,Mobile,30.70605416268657,-88.39523324179105,67
898,Moffat,40.5129148,-107.71051979999999,1
899,Mohave,35.13099715641025,-114.1508554051282,39
900,Monmouth,40.27989290666667,-74.10881495333334,15
901,Mono,38.349714,-119.450355,1
902,Monona,42.0305179,-96.10664399999999,1
903,Monongalia,39.63858758888889,-80.01159620000001,9
904,Monroe,39.63997303376622,-82.165624912987,77
905,Montague,33.6218222,-97.76143895,2
906,Montcalm,43.348407359999996,-85.34153222,5
907,Monterey,36.628647,-121.669647902381,42
908,Montezuma,37.37424203333334,-108.71072350000001,3
909,Montgomery,36.652470336,-84.91890095039996,250
910,Montmorency,45.0375777,-83.90091579999999,1
911,Montrose,38.4360668,-108.154411775,4
912,Moore,35.403731,-83.97024547999999,10
913,Mora,35.9742227,-105.3300057,1
914,Morehouse,32.75891685,-91.91094923333333,6
915,Morgan,36.50053376999999,-89.84292291999996,30
916,Morrill,41.710110150000006,-103.21298900000001,2
917,Morris,40.30080790714286,-75.97282599285714,14
918,Morrison,45.980595550000004,-94.35668100000001,2
919,Morrow,41.866611925,-92.022719925,4
920,Morton,46.831723499999995,-100.8847319,1
921,Moultrie,39.6372888,-88.6049275,1
922,Mountrail,47.94880070000001,-102.6858146,1
923,Mower,43.6629655,-92.98045385,2
924,Muhlenberg,37.2720707,-87.17441129999999,3
925,Multnomah,45.520541203947374,-122.58365433157898,76
926,Murray,34.81286446666667,-84.79531606666666,3
927,Muscatine,41.41605335,-91.0571242,2
928,Muscogee,32.46995217999999,-84.94883114000001,20
929,Muskegon,43.225977030769236,-86.24187680769231,13
930,Muskingum,39.95100434285714,-81.9877496142857,7
931,Muskogee,35.72836731666667,-95.35966945833331,12
932,Nacogdoches,31.590628579999997,-94.62653245999999,5
933,Napa,38.33919068235294,-122.31946432941174,17
934,Nash,35.94921455,-77.968020425,4
935,Nassau,37.731760467647064,-75.94765413529412,34
936,Natchitoches,31.772007499999997,-93.00246652857142,7
937,Natrona,42.84198094615385,-106.32490906153846,13
938,Navajo,34.37542847,-110.14588546999998,10
939,Navarro,32.106671649999996,-96.35185815,2
940,Nelson,37.88291429999999,-83.25235836666667,3
941,Neosho,37.6132682,-95.34701150000001,2
942,Neshoba,32.74958835,-89.18022549999999,4
943,Nevada,39.46660416666666,-117.35632386666667,6
944,New Castle,39.71137098285715,-75.58912566,35
945,New Hanover,34.22295926666666,-77.90003872666666,15
946,New Haven,41.3829589025641,-72.95412464358972,39
947,New Kent,37.497002800000004,-77.03600206666667,3
948,New London,41.426983875,-72.0945463,12
949,New Madrid,36.557438925,-89.59262555000001,4
950,New York,40.778137526153856,-73.96549942153847,65
951,Newaygo,43.46807585,-85.804411825,4
952,Newberry,34.259676999999996,-81.49379536666665,3
953,Newport,41.6106666,-71.24213065000001,2
954,Newport News City,37.03755522352942,-76.4539409882353,17
955,Newton,34.123924758333345,-87.79341077083335,24
956,Nez Perce,46.4240298,-116.82551494999998,2
957,Niagara,43.13675820000001,-78.83128031999999,5
958,Nicholas,38.333363971428575,-81.28750358571429,7
959,Nicollet,44.1742485,-94.032546,1
960,Noble,38.04211436666667,-93.40641075,6
961,Nolan,32.46584098571429,-100.41668489999999,7
962,Nome,64.31116903333333,-163.06444486666666,3
963,Norfolk,40.66055931428572,-72.55749069523807,21
964,Norfolk ,42.3234019,-71.16391759999999,1
965,Norfolk City,36.8904942605263,-76.25805117368422,38
966,Norman,47.3540342,-96.5587955,1
967,North Slope,70.96786105000001,-158.3500576,2
968,Northampton,40.49927297142857,-75.41653445238096,21
969,Northumberland,40.55276075555556,-76.67524742222223,9
970,Northwest Arctic,66.95171380000001,-160.98864936666666,3
971,Nowata,36.7860255,-95.6294998,1
972,Nueces,27.770801356521737,-97.4407877478261,46
973,Nye,36.269962675,-116.01407884999999,8
974,O'Brien,42.986583200000005,-95.42961190000001,1
975,Oakland,42.47524970273972,-83.28684347671235,73
976,Obion,36.447005700000005,-89.0630814,1
977,Ocean,39.94394347857144,-74.21651886785715,28
978,Oceana,43.67257993333334,-86.27716213333333,3
979,Ochiltree,36.39160220000001,-100.8022088,1
980,Oconee,34.283745527272735,-83.26732488181818,11
981,Oconto,45.064338,-88.313234,1
982,Oglala Lakota,43.2945595,-102.3029272,3
983,Ogle,41.9339915,-89.02159520000001,1
984,Ohio,39.774298475,-81.78396210000001,4
985,Okaloosa,30.486793875,-86.57789799166669,12
986,Okanogan,48.46092023333333,-119.34318556666666,3
987,Okeechobee,27.24686486,-80.81891006,5
988,Okfuskee,35.459204325,-96.47204690000001,4
989,Oklahoma,35.482927668254,-97.51877673439154,189
990,Okmulgee,35.60590813333334,-95.97242560000001,9
991,Oktibbeha,33.40141802,-88.74416804,5
992,Oldham,38.365460850000005,-85.46572755,4
993,Olmsted,43.97251385,-92.4621956,4
994,Oneida,43.98493627692308,-79.66231681538463,13
995,Onondaga,43.04868032499999,-76.16466030416666,24
996,Onslow,34.746645216666664,-77.37096218333332,6
997,Ontario,42.918404225,-77.09234905,4
998,Orange,32.804945719282514,-103.90754650156953,446
999,Orangeburg,33.4634381,-80.65479649230768,13
1000,Oregon,36.6904584,-91.46386269999999,1
1001,Orleans,30.533361357692286,-89.56158746153845,78
1002,Osage,37.12366865555556,-96.10080911111112,9
1003,Osceola,29.610617624999993,-81.71287534999999,12
1004,Oswego,43.36387113333333,-76.22491526666666,3
1005,Otero,33.749510453846156,-105.5961589,13
1006,Otsego,44.30474816666666,-81.41074166666668,3
1007,Ottawa,40.836214655,-89.09935626500001,20
1008,Otter Tail,46.28349620000001,-96.0706564,1
1009,Ouachita,32.5006785875,-92.10581724375001,16
1010,Outagamie,44.269098879999994,-88.40373294999999,10
1011,Overton,36.410843,-85.341187,1
1012,Owen,39.36435573333333,-86.81186376666666,3
1013,Owsley,37.471573,-83.6623627,1
1014,Owyhee,43.022230925,-116.4971036,4
1015,Oxford,44.40573273333333,-70.56865423333333,6
1016,Ozaukee,43.2598796,-87.9423535,5
1017,Page,38.6764729,-78.4256296,2
1018,Palm Beach,26.625017606086953,-80.12097994521737,115
1019,Palo Alto,43.120225700000006,-94.6912954,1
1020,Palo Pinto,32.722683499999995,-98.1530027,3
1021,Panola,33.66125816666667,-91.44007306666667,3
1022,Park,43.1347850888889,-108.41310830000002,9
1023,Parke,39.763857,-87.205083,1
1024,Parker,32.79392002307692,-97.70832764615385,13
1025,Parmer,34.6374438,-102.7272761,1
1026,Pasco,28.27153560344828,-82.55541843448277,29
1027,Pasquotank,36.29911036666667,-76.23500676666667,3
1028,Passaic,40.90663497812499,-74.168763734375,32
1029,Paulding,33.917306999999994,-84.76700485,4
1030,Pawnee,36.81400225,-97.453357925,4
1031,Payette,44.00025763333334,-116.86437436666665,3
1032,Payne,36.07249174166667,-95.57651264166668,12
1033,Peach,32.60664975,-83.81547180000001,2
1034,Pearl River,30.572220166666668,-89.66902976666665,3
1035,Pecos,30.9161892,-102.68984963333332,3
1036,Pembina,48.8046338,-97.5531908,1
1037,Pemiscot,36.24807006666666,-89.7602304,3
1038,Pend Oreille,48.07068385000001,-117.23018865,2
1039,Pender,34.426050000000004,-77.8507649,2
1040,Pendleton,38.495900799999994,-79.2584329,1
1041,Pennington,44.07753253043478,-103.20489713913044,23
1042,Penobscot,44.936593480000006,-68.74936646666667,15
1043,Peoria,40.70813401818181,-89.63930679090909,22
1044,Perry,36.25650661666668,-85.06552082916669,24
1045,Pershing,40.458279375000004,-118.2790747,4
1046,Person,36.3508521,-78.9564915,2
1047,Petersburg,56.8125,-132.9555556,1
1048,Petersburg City,37.2196157625,-77.4110567125,8
1049,Pettis,38.719844037499996,-93.3414991375,8
1050,Phelps,37.95732687142857,-91.77679044285715,7
1051,Philadelphia,39.99634073004294,-75.15076788283261,233
1052,Phillips,36.776909133333334,-93.60118463333333,6
1053,Piatt,39.91596555,-88.45365765,2
1054,Pickaway,39.648655022222215,-82.95027664444444,9
1055,Pickens,34.52275363333334,-83.83834435,18
1056,Pierce,47.128101710679594,-122.17299319708735,103
1057,Pike,37.119937083333326,-84.08777909999999,24
1058,Pima,32.1973577735849,-111.0077618238994,159
1059,Pinal,33.03927232258065,-111.6184493032258,31
1060,Pinellas,27.873556267543844,-82.72037593596492,114
1061,Piscataquis,45.1881745,-69.22019240000002,1
1062,Pitkin,39.2341332,-106.86271029999999,1
1063,Pitt,35.85592306153847,-77.22113980769231,13
1064,Pittsburg,34.84851293333333,-95.77626205,6
1065,Pittsylvania,36.84745837999999,-79.43777012000001,5
1066,Placer,38.85390482500001,-121.1861372964286,28
1067,Plaquemines,29.864615,-89.970519,1
1068,Platte,39.85824227777778,-96.13998849444445,18
1069,Plumas,39.894093350000006,-120.70194565,2
1070,Plymouth,42.05871634736841,-73.51829840526315,19
1071,Pocahontas,38.2745635,-80.0914547,1
1072,Poinsett,35.694494,-90.517526,1
1073,Polk,35.75745851729325,-89.50293496616545,133
1074,Pontotoc,34.69539022222222,-94.9624007888889,9
1075,Pope,35.4844815,-92.75120448461539,13
1076,Portage,41.98171845833333,-83.38566388333335,12
1077,Porter,41.537068616666666,-87.12054703333334,18
1078,Portsmouth City,36.82481626923077,-76.34906641538461,13
1079,Pottawatomie,36.05646335,-96.86852409374998,16
1080,Pottawattamie,41.30972175,-95.73039297499999,12
1081,Potter,35.22374462857144,-101.70621064,35
1082,Powell,42.135931600000006,-98.3242236,2
1083,Powhatan,37.51064876666667,-77.72007516666667,3
1084,Prairie,34.828629,-91.48979920000001,1
1085,Pratt,37.647789366666665,-98.62960753333334,3
1086,Preble,39.726366,-84.53177099999999,1
1087,Prentiss,34.6534803,-88.5653839,1
1088,Prince Edward,37.29594205,-78.42047595,2
1089,Prince George,37.2315459,-77.33721046000001,5
1090,Prince George's,38.88409186119401,-76.89222783731346,67
1091,Prince William,38.680339700000005,-77.3890695,8
1092,Prince of Wales-Hyder Census Area,55.476388899999996,-133.1483333,1
1093,Providence,41.86153674761904,-71.43138144285714,21
1094,Prowers,38.0533838,-102.1317837,1
1095,Pueblo,38.27187475909091,-104.62989181363638,44
1096,Pulaski,35.104641883838376,-91.50898641717171,99
1097,Pushmataha,34.237000200000004,-95.72718990000001,2
1098,Putnam,33.61837366666667,-82.48695727333332,30
1099,Quay,35.1667783,-103.7326577,1
1100,Queen Anne's,39.03810945,-76.108773075,4
1101,Queens,40.70538722452831,-73.81945762075472,53
1102,Quitman,34.5033672,-90.1875168,1
1103,Rabun,34.86224965000001,-83.48838615,2
1104,Racine,42.72871651111112,-87.90897703333331,9
1105,Raleigh,37.745317042857145,-81.21126115714286,7
1106,Ramsey,45.0353046185185,-93.20513754074074,54
1107,Randall,35.12614762,-101.87524932,10
1108,Randolph,36.449400582142864,-82.84721686785716,28
1109,Rankin,32.27921045999999,-90.04307342499999,20
1110,Rapides,31.302751070000006,-92.45362994000001,10
1111,Ravalli,46.2346517,-114.14223233333333,3
1112,Ray,39.4000939,-93.9939696,1
1113,Reagan,31.2004028,-101.4615623,1
1114,Real,29.6703959,-100.0100054,1
1115,Red River,33.076672099999996,-94.47249043333333,3
1116,Refugio,28.306740899999998,-97.2741866,1
1117,Reno,38.02967426666667,-97.91526311666667,6
1118,Rensselaer,42.731323200000006,-73.6264326375,8
1119,Rhea,35.4850308,-85.00621525,2
1120,Rice,38.317531699999996,-98.31950073333333,3
1121,Richardson,40.138334549999996,-95.74481315,2
1122,Richland,35.53793803800001,-81.76969630600003,50
1123,Richmond,36.67890243255814,-78.4392522488372,43
1124,Richmond City,37.535406624,-77.441572484,25
1125,Riley,39.17366692857143,-96.56847018571429,7
1126,Rio Arriba,36.10222534,-106.11673865,10
1127,Rio Blanco,39.987934625,-108.21007822499999,4
1128,Ripley,39.239345,-85.045647,1
1129,Ritchie,39.2598428,-81.10199435,2
1130,Riverside,33.819987134628995,-117.01400863321547,283
1131,Roane,36.66730545454546,-83.68314438181818,11
1132,Roanoke,37.247080825000005,-79.992215375,4
1133,Roanoke City,37.28641386,-79.954920385,20
1134,Roberts,45.4085732,-96.8578499,1
1135,Robertson,30.875450899999997,-96.5953997,2
1136,Robeson,34.68892305000001,-79.03970606250002,16
1137,Rock,42.5749722,-90.19414633333334,9
1138,Rock Island,41.500762525,-90.52185711249999,8
1139,Rockbridge,37.808869916666666,-79.42528813333332,6
1140,Rockcastle,37.421094,-84.3870565,2
1141,Rockdale,33.65130579090909,-84.0160879909091,11
1142,Rockingham,40.872911023809515,-74.2469357190476,21
1143,Rockland,41.15324889000001,-74.03334107999999,10
1144,Rockwall,32.90522072500001,-96.452894725,4
1145,Rogers,36.302888849999995,-95.60122028333332,6
1146,Rolette,48.78029295,-99.82599735,2
1147,Rooks,39.321253799999994,-99.29769499999999,1
1148,Roosevelt,34.1866383,-103.34005965,2
1149,Roscommon,44.331990000000005,-84.8017349,1
1150,Rosebud,45.632839000000004,-106.62526100000001,2
1151,Ross,39.343760700000004,-83.0356961,1
1152,Rowan,36.21089168888889,-81.16020636666667,9
1153,Runnels,32.0350526,-99.9872727,1
1154,Rusk,37.60341038,-93.6609204,5
1155,Russell,33.51408433888888,-87.33549919444445,18
1156,Rutherford,36.21040517692307,-85.10620166923076,13
1157,Rutland,43.639575179999994,-73.04398852,5
1158,Sabine,31.6053788,-93.58884706666667,3
1159,Sac,42.384143,-94.9549982,1
1160,Sacramento,38.59173586312499,-121.39189516687502,160
1161,Sagadahoc,44.016815574999995,-69.8965374,4
1162,Saginaw,43.379088133333326,-83.9338246388889,18
1163,Saguache,38.248453999999995,-105.94900849999999,1
1164,Saint Louis City,38.5637598,-90.2502268,1
1165,Salem,39.657120899999995,-75.40621656666667,6
1166,Saline,36.84793511875,-93.95370091874999,32
1167,Salt Lake,40.69441191592918,-111.91795179734507,113
1168,Saluda,33.9160293,-81.5548594,1
1169,Sampson,35.0350838,-78.40147795,2
1170,San Benito,36.900924716666665,-121.48999466666668,6
1171,San Bernardino,34.21888094360466,-117.16964797180239,344
1172,San Diego,32.879286477485394,-117.0613111666666,342
1173,San Francisco,37.7609836536842,-122.42034713263159,95
1174,San Joaquin,37.96020845045046,-121.27531399459464,111
1175,San Juan,36.78401497407407,-108.33542911851853,27
1176,San Luis Obispo,35.37048305333334,-120.67206500666666,15
1177,San Mateo,37.56762723902437,-122.33558635853657,41
1178,San Miguel,35.577137900000004,-105.19459920000001,6
1179,San Patricio,27.98282113,-97.44375441999999,10
1180,Sandoval,35.43591687333333,-106.64522169333333,15
1181,Sandusky,41.31136107,-82.93411202,10
1182,Sangamon,39.800686193749996,-89.6386524375,16
1183,Sanilac,43.413065950000004,-82.83472325,2
1184,Santa Barbara,34.66002788648649,-120.1423175432433,37
1185,Santa Clara,37.31036503986015,-121.88943318531462,143
1186,Santa Cruz,35.191774349999996,-118.43206476363639,22
1187,Santa Fe,35.61196322800001,-105.995902128,25
1188,Santa Rosa,30.52603495,-87.02033928750001,8
1189,Sarasota,27.267348336,-82.465361212,25
1190,Saratoga,43.046651749999995,-73.81547935,2
1191,Sarpy,41.16098941428571,-96.02186276428571,14
1192,Sauk,43.5324809,-90.00262590000001,1
1193,Saunders,41.13944265000001,-96.43052159999999,2
1194,Sawyer,45.95176067999999,-91.37815354,5
1195,Schenectady,42.813897790909095,-73.94587835454546,11
1196,Schoharie,42.6320994,-74.405810325,4
1197,Schuyler,42.293409999999994,-77.036673,1
1198,Schuylkill,40.75807143636364,-76.14296135454545,11
1199,Scioto,38.81918035,-82.8912516,2
1200,Scott,39.72575302666668,-89.0981015933333,45
1201,Scotts Bluff,41.844997899999996,-103.66353075,2
1202,Screven,32.620206,-81.65488,1
1203,Scurry,32.71230453333333,-100.91472113333332,3
1204,Searcy,35.935335466666665,-92.58357026666665,3
1205,Sebastian,35.33909317500001,-94.38221011666667,12
1206,Sedgwick,37.668717301369874,-97.3394768150685,73
1207,Seminole,30.289673604,-84.989272544,25
1208,Seneca,41.123431733333334,-83.2530123,3
1209,Sequatchie,35.4498867,-85.38611703333333,3
1210,Sequoyah,35.44153208,-94.69146314,10
1211,Sevier,35.97474940769231,-86.58701686153846,13
1212,Seward,38.967168,-99.037421725,4
1213,Shackelford,32.718000599999996,-99.28800179999999,1
1214,Shannon,36.99687670000001,-91.5054077,1
1215,Shasta,40.54998108372094,-122.31642752790695,43
1216,Shawano,44.74354363333333,-88.51652740000002,3
1217,Shawnee,39.03541570555555,-95.69516369722221,36
1218,Sheboygan,43.7204807,-87.75072472857143,7
1219,Shelby,35.23815102094597,-89.71828504932432,148
1220,Shenandoah,38.931613850000005,-78.42933885,2
1221,Sherburne,45.323019566666666,-93.73461063333333,3
1222,Sheridan,43.865997333333326,-103.91787291666667,6
1223,Sherman,41.58637702,-108.92754340000002,5
1224,Shiawassee,42.87807214285715,-84.23265407142856,7
1225,Shoshone,47.498484649999995,-115.9674712,2
1226,Sierra,33.16884625,-107.20041029999999,2
1227,Silver Bow,45.988313500000004,-112.51156850000001,2
1228,Simpson,33.592402766666666,-88.85861379999999,6
1229,Sioux,46.0854189,-100.66951,1
1230,Siskiyou,41.49655655,-122.41480653333333,6
1231,Sitka,56.997371400000006,-135.0,1
1232,Skagit,48.47410226,-122.27660255999999,5
1233,Skamania,45.704473799999995,-121.8537949,1
1234,Smith,33.432906714285714,-92.64937142142858,14
1235,Snohomish,47.94440294444444,-122.16112121481483,54
1236,Snyder,40.78241,-76.93438445000001,2
1237,Socorro,34.0584024,-106.8916663,1
1238,Solano,38.1851434031746,-122.14173206984125,63
1239,Somerset,41.545673905,-74.727981205,20
1240,Somervell,32.2428458,-97.7512641,1
1241,Sonoma,38.495635440350874,-121.83877069298248,57
1242,Southeast Fairbanks,64.15223950000001,-145.8420455,1
1243,Southeast Fairbanks Census Area,63.43127835,-143.58798925000002,2
1244,Spalding,33.28577451666667,-84.29448266666667,6
1245,Spartanburg,34.96656047999999,-81.987268508,50
1246,Spencer,38.05870954,-86.6073092,5
1247,Spokane,47.68146605666665,-117.38090721999997,60
1248,Spotsylvania,38.228552916666665,-77.56298456666667,6
1249,St Clair,33.674240000000005,-86.29754100000001,1
1250,St. Bernard,29.949993525,-89.984799925,4
1251,St. Charles,38.47364828928571,-90.59739230357143,28
1252,St. Clair,38.351929424528294,-89.35819807924527,53
1253,St. Croix,45.0022413,-92.35972616666668,3
1254,St. Francis,35.03011823749999,-90.75251555,8
1255,St. Francis County,34.94106,-91.06393,1
1256,St. Francois,37.81613282222222,-90.5188254888889,9
1257,St. Helena,30.696230600000003,-90.571896,1
1258,St. James,34.0110605,-118.3134351,1
1259,St. John the Baptist,30.099564333333333,-90.5089243,9
1260,St. Johns,29.9020368590909,-81.3970236818182,22
1261,St. Joseph,41.72184263783784,-86.09388405945946,37
1262,St. Landry,30.519928272727274,-92.05892028181819,11
1263,St. Lawrence,44.676924400000004,-74.98905844999999,2
1264,St. Louis,39.408705791194954,-90.50471623081762,159
1265,St. Louis CIty,38.67645529999999,-90.2126718,1
1266,St. Louis City,38.645129745033124,-90.24749869867549,151
1267,St. Louis County,38.8261856,-90.2927875,1
1268,St. Lucie,27.35979048518518,-80.34429721481483,27
1269,St. Martin,30.215942719999997,-91.87343752000001,10
1270,St. Mary,29.810129711111113,-91.50180778888888,9
1271,St. Mary's,38.28037065,-76.53506845,6
1272,St. Tammany,30.875608518181817,-89.23915110454547,22
1273,Stafford,38.41140931666667,-77.47276408333333,12
1274,Stanislaus,37.61811493043479,-120.97480798369564,92
1275,Stanly,35.410592480000005,-80.15214610000001,5
1276,Stanton,38.070000500000006,-98.3786538,2
1277,Stark,41.55194291470588,-83.92930590294117,34
1278,Starke,41.33892920000001,-86.59645765999998,5
1279,Starr,26.42652392,-98.94910786,5
1280,Ste. Genevieve,37.8841003,-90.17110235000001,2
1281,Stearns,45.55023842857143,-94.20562585714288,7
1282,Steele,44.01330629999999,-93.1686159,3
1283,Stephens,34.20869618,-93.70986755000001,10
1284,Stephenson,42.299339857142854,-89.65674472857141,7
1285,Steuben,41.967034116666674,-81.15428568333333,6
1286,Stevens,47.839547833333334,-114.26423016666666,6
1287,Stewart,32.03327203333333,-84.79301993333334,3
1288,Stokes,36.3275578,-80.4309569,1
1289,Stone,34.45236148888889,-91.37078141111112,9
1290,Storey,39.3083732,-119.65011979999998,1
1291,Story,42.0557579,-93.53277720000001,5
1292,Strafford,43.32361186000001,-70.96649255999999,5
1293,Stutsman,47.1101844,-99.312729,1
1294,Suffolk,41.49762882941176,-72.15403241529415,85
1295,Suffolk City,36.7456802875,-76.61258848749998,8
1296,Sullivan,37.94667498461539,-81.38029388461538,26
1297,Summers,37.65019279999999,-80.8819686,1
1298,Summit,41.08778079298244,-82.04451750350877,57
1299,Sumner,36.53267093333333,-87.69656986666665,9
1300,Sumter,31.296123955555558,-82.44217917222221,18
1301,Sunflower,33.4247716,-90.604307,2
1302,Surry,36.461691779999995,-80.64326118,5
1303,Sussex,38.941307867857134,-75.64115445714287,28
1304,Sutter,39.156920071428566,-121.66517529285714,14
1305,Suwannee,30.30186034,-82.94121573999999,5
1306,Swain,35.6079563,-83.43601720000001,1
1307,Sweetwater,41.565784699999995,-109.5355395,2
1308,Swisher,34.3677719,-101.7533945,1
1309,Talbot,38.7280303,-76.18543655,2
1310,Talladega,33.347198025000004,-86.20347798124999,16
1311,Tallahatchie,33.9483686,-90.3521844,1
1312,Tallapoosa,32.89628286666667,-85.86613863333334,3
1313,Tama,42.07565725,-92.59145629999999,6
1314,Taney,36.628490166666666,-93.23124983333332,6
1315,Tangipahoa,30.61724622692308,-90.4572522846154,26
1316,Taos,36.2884518,-105.61286563333333,3
1317,Tarrant,32.757022628571434,-97.26711962571429,140
1318,Tate,34.62446696666666,-89.97133815,6
1319,Tattnall,31.9488451,-81.9244805,1
1320,Taylor,32.91354106470588,-94.98421203529412,17
1321,Tazewell,40.360665925000006,-88.875133775,12
1322,Tehama,40.12677341666667,-122.22801841666666,18
1323,Telfair,32.0598906,-82.8805859,1
1324,Teller,38.91545988333333,-105.08238535000002,6
1325,Tensas,31.86224745,-91.320704,2
1326,Terrebonne,29.607394378571424,-90.72590152857141,14
1327,Texas,36.82772440000001,-96.72948410000001,2
1328,Thomas,33.69580021666667,-89.6652255,6
1329,Thurston,46.80184776538462,-121.87523710000002,26
1330,Tift,31.45857205,-83.536370425,4
1331,Tillamook,45.560815399999996,-123.9139435,1
1332,Tioga,41.954372899999996,-77.3995436,2
1333,Tippah,34.67189823333333,-88.93861463333333,3
1334,Tippecanoe,40.41426872857142,-86.87946727142858,7
1335,Tipton,36.45818492000001,-89.08343598,5
1336,Tishomingo,34.78540275,-88.188520825,4
1337,Titus,33.188013266666665,-94.98137750000001,3
1338,Todd,41.56038545,-95.36313683333333,6
1339,Tolland,41.80811153333334,-72.40154543333333,3
1340,Tom Green,31.45773349285714,-100.45709215714285,14
1341,Tompkins,42.4389154,-76.50538246666666,3
1342,Tooele,40.641084716666676,-112.30748684999999,6
1343,Toole,48.5062416,-111.85384140000001,1
1344,Toombs,32.2202951,-82.4116082,1
1345,Torrance,34.8685774,-106.141714875,4
1346,Towns,34.916528899999996,-83.8599455,1
1347,Transylvania,35.274521500000006,-82.62693440000001,1
1348,Traverse,45.777251,-96.56267700000001,1
1349,Travis,30.275139079069774,-97.72916680697672,86
1350,Trempealeau,44.5721839,-91.22738000000001,1
1351,Trimble,38.62387795,-85.33693,2
1352,Trinity,35.802880599999995,-109.19246712500001,4
1353,Troup,33.017775475,-85.04807765,8
1354,Trumbull,41.21190994,-80.81078776999999,10
1355,Tucker,39.166095899999995,-79.5142472,1
1356,Tulare,36.28125016372548,-119.26088175490197,102
1357,Tulsa,36.16974600241935,-95.76428639435484,124
1358,Tunica,34.8222425,-90.35088225,2
1359,Tuolumne,37.973362900000005,-120.39756666666665,3
1360,Turner,31.704705850000003,-83.65696285000001,2
1361,Tuscaloosa,33.20001750625,-87.52762379375001,16
1362,Tuscarawas,40.469864333333334,-81.4825564,3
1363,Tuscola,43.45908568,-83.48168128,5
1364,Twin Falls,42.56415606666667,-114.45199461666665,6
1365,Tyler,30.7758884,-94.30385550000001,2
1366,Uinta,41.2618794,-110.95551270000001,1
1367,Uintah,40.3727626,-109.5592497,4
1368,Ulster,41.7706485,-74.0841089,3
1369,Umatilla,45.74856502,-118.92981036,5
1370,Unicoi,36.188073700000004,-82.37484920000001,1
1371,Union,37.82231502075471,-82.1812649962264,53
1372,Upshur,34.732769166666664,-90.06850759999998,3
1373,Upson,32.9266738,-84.3339933,1
1374,Utah,40.21493015555555,-111.73089392222226,27
1375,Uvalde,29.1588872,-99.73511009999999,1
1376,Val Verde,29.368516200000002,-100.8306006,1
1377,Valdez-Cordova Census Area,61.9828361,-145.35313369999997,1
1378,Valencia,34.76256704545455,-106.67011008181818,11
1379,Valley,45.757944699999996,-112.66709279999999,3
1380,Van Buren,39.68969396666667,-89.46156028888888,9
1381,Van Wert,40.911995950000005,-84.6568829,2
1382,Van Zandt,32.49909255,-95.78286452500001,4
1383,Vance,36.3123778,-78.36244264999999,2
1384,Vanderburgh,37.981756940909094,-87.5513114181818,22
1385,Venango,41.410646725,-79.7556711,4
1386,Ventura,34.244926908571436,-119.08760560285721,70
1387,Vermilion,37.78184535384616,-88.68250283846155,13
1388,Vermillion,40.2662582,-87.6516179,1
1389,Vernon,36.53924096,-99.69672556,5
1390,Victoria,28.843683040000002,-96.98506479999999,5
1391,Vigo,38.7897666,-90.39488885,10
1392,Virginia Beach,36.7510164,-76.0574123,1
1393,Virginia Beach City,36.83666023870968,-76.12922809999999,31
1394,Volusia,29.09260763880597,-81.1535288402985,67
1395,Wabash,40.89583966666667,-85.80000693333334,3
1396,Wabaunsee,39.0585116,-96.1543237,1
1397,Wade Hampton,61.84754190000001,-163.91082399999996,3
1398,Wadena,46.4402546,-95.1443022,1
1399,Wagoner,35.96628631666667,-95.45673866666668,6
1400,Wake,35.7940714825,-78.6238811675,40
1401,Waldo,44.399497600000004,-69.0321902,1
1402,Walker,33.37013742727274,-89.03013759999999,11
1403,Walla Walla,46.0684328,-118.3689604,1
1404,Waller,29.947831600000004,-96.02359716666668,6
1405,Wallowa,45.40748265,-117.48513175,2
1406,Walton,33.00444024375,-84.37665070625,16
1407,Walworth,42.650733385714275,-88.54321423571427,14
1408,Wapello,40.99324489999999,-92.43593929999999,1
1409,Ward,31.5698909,-102.90292093333333,3
1410,Ware,31.2111093,-82.41382387499999,4
1411,Warren,38.62416768999999,-83.47961432250003,40
1412,Warrick,38.081949333333334,-87.3481787,3
1413,Wasatch,40.5018058,-111.39587216666666,3
1414,Wasco,45.6091408,-121.1873865,2
1415,Waseca,44.0714571,-93.50048079999999,2
1416,Washburn,45.97397145,-91.90079365,2
1417,Washington,39.64426831028571,-95.75846750457143,175
1418,Washita,35.339623974999995,-99.186303425,4
1419,Washoe,39.541963965079375,-119.78220192380952,63
1420,Washtenaw,42.26446979999999,-83.67072029285715,14
1421,Watauga,36.22797724,-81.6513987,5
1422,Watonwan,43.981133299999996,-94.6276375,1
1423,Waukesha,42.99265037619049,-88.2384083857143,21
1424,Waupaca,44.384194,-88.735,1
1425,Wayne,42.12283996224493,-83.00574970136056,294
1426,Weakley,36.502195,-88.81989140000002,1
1427,Webb,27.564998704166666,-99.48825842083335,24
1428,Weber,41.21276838611111,-111.9953545861111,36
1429,Webster,37.527512814999994,-92.347182885,20
1430,Weld,40.37259704634147,-104.71980284878049,41
1431,West Baton Rouge,30.434831171428577,-91.23258631428573,7
1432,Westchester,40.98954642941177,-73.81971592352942,17
1433,Westmoreland,40.306503199999995,-79.59208805925927,27
1434,Wexford,44.212835999999996,-85.3959035,1
1435,Wharton,29.326588,-96.15396335,2
1436,Whatcom,48.86004054,-122.45629815,10
1437,Wheeler,33.228185133333334,-88.4643884,3
1438,White,35.90135558461538,-89.46327863846152,13
1439,Whiteside,41.772982,-89.6516223,2
1440,Whitfield,34.80573133,-84.99188453000001,10
1441,Whitley,38.46074445,-84.60481545,8
1442,Wichita,33.922273973684206,-98.55290526842103,19
1443,Wicomico,38.3585017,-75.56715453333332,9
1444,Wilbarger,34.2143629,-99.384738,1
1445,Wilkes,36.212367025,-81.162689125,4
1446,Wilkinson,31.08396536666667,-91.10378266666667,3
1447,Will,41.539173226923076,-88.0415788,26
1448,Willacy,26.489506,-97.7867291,1
1449,Williams,45.949414600000004,-97.34873986666666,3
1450,Williamsburg,33.6915009,-79.82793945,2
1451,Williamson,32.584097151612895,-94.5471634064516,31
1452,Wilson,33.46512335384615,-89.62535426923075,13
1453,Winchester City,39.177187939999996,-78.15878232,5
1454,Windham,42.402116,-72.36864558888888,9
1455,Windsor,43.8566707,-72.8040475,1
1456,Winkler,31.7513579,-103.1601113,1
1457,Winn,31.925860200000002,-92.6487138,1
1458,Winnebago,42.681682478723395,-88.95984409787232,47
1459,Winneshiek,43.294045749999995,-91.70172480000001,2
1460,Winona,44.071023049999994,-91.704724,2
1461,Winston,34.202324299999994,-87.1814012,1
1462,Wirt,39.064939,-81.40334399999999,1
1463,Wise,35.07287611666667,-90.14917224999999,6
1464,Wolfe,37.80477,-83.3954096,1
1465,Wood,39.23399383888889,-84.98180393333332,18
1466,Woodbury,42.3929538,-96.36426646363635,11
1467,Woodford,38.1836345,-84.6654999,1
1468,Woodson,37.88262105,-95.73305595,2
1469,Woodward,36.439286450000004,-99.35286844999999,4
1470,Worcester,41.81670417826088,-72.25872802608696,23
1471,Worth,33.872050820000005,-85.71842795999999,5
1472,Wright,41.143170999999995,-93.0348815,2
1473,Wyandotte,39.1027235,-94.67327237868852,61
1474,Wyoming,39.6281586,-78.79486365,2
1475,Wythe,36.93767375,-81.01313575,2
1476,Yadkin,36.2121292,-80.8315285,1
1477,Yakima,46.58174442727273,-120.53656026060605,33
1478,Yalobusha,34.11328848333333,-89.65698395,6
1479,Yamhill,45.17669402,-123.24208829999998,5
1480,Yancey,35.932795299999995,-82.35403829999998,1
1481,Yankton,42.87851221666667,-97.32891161666667,6
1482,Yavapai,34.67418211923077,-112.32746639615388,26
1483,Yazoo,32.89285135,-90.35407345,2
1484,Yellowstone,45.796468037500006,-108.49702166250002,24
1485,Yolo,38.63508483333333,-121.7365627875,24
1486,York,39.23209136555557,-77.35286347666664,90
1487,Young,33.1170714,-98.58949770000001,1
1488,Yuba,39.16971803636363,-121.48379018181816,11
1489,Yukon-Koyukuk Census Area,64.33189660000001,-158.7785499,1
1490,Yuma,32.6847104,-114.56547430625,16
