,city,%_change,party,year,value
0,"Los Angeles, CA",-43.75,blue,2000,0.12484905943790611
1,"Chicago, IL",42.85714285714286,blue,2000,0.16136501896845798
2,"Miami, FL",75.0,blue,2000,0.06267661093775805
3,"Dallas, TX",1100.0,blue,2000,0.017442086603797247
4,"Philadelphia, PA",-27.27272727272727,blue,2000,0.19510866133464258
5,"Houston, TX",342.8571428571429,blue,2000,0.12852365973691574
6,"Atlanta, GA",200.00000000000006,blue,2000,0.09562514941429595
7,"Phoenix, AZ",280.0,red,2000,0.12249350723164919
8,"Seattle, WA",50.00000000000002,blue,2000,0.1097765635270112
9,"San Francisco, CA",33.333333333333336,blue,2000,0.0832463640069361
10,"Detroit, MI",-10.000000000000012,blue,2000,0.28391297953612027
11,"San Diego, CA",9.090909090909092,blue,2000,0.3426456103670856
12,"Minneapolis, MN",-16.666666666666675,blue,2000,0.20500506191665382
13,"Tampa, FL",-12.500000000000005,blue,2000,0.2852822868228112
14,"Denver, CO",166.66666666666666,blue,2000,0.10763235371148645
15,"Brooklyn, NY",-77.77777777777777,blue,2000,0.34231595762889144
16,"Queens, NY",33.33333333333334,blue,2000,0.12858682225100662
17,"Baltimore, MD",-19.999999999999993,blue,2000,0.46072248657454673
18,"Riverside, CA",0.0,blue,2000,0.04796740518882609
19,"Las Vegas, NV",750.0000000000002,blue,2000,0.09647643924758025
20,"Portland, OR",-75.00000000000001,blue,2000,0.19485618639163366
21,"Kansas City, MO",85.71428571428572,red,2000,0.4332699315000238
22,"Virginia Beach, VA",300.0,red,2000,0.06755008670053628
23,"Jacksonville, FL",400.0,red,2000,0.17296683966233414
24,"Oklahoma City, OK",37.50000000000001,red,2000,0.8368218343553019
25,"Sarasota, FL",0.0,red,2000,0.1415939227888339
26,"Tulsa, OK",49.999999999999986,red,2000,0.5951902674487467
27,"Colorado Springs, CO",66.6666666666667,red,2000,0.4808108393995634
28,"Bakersfield, CA",550.0000000000001,red,2000,0.34821245138083645
29,"Mesa, AZ",300.0,red,2000,0.20145003736898193
30,"Chattanooga, TN",0.0,red,2000,0.49118084787637956
31,"Spokane, WA",100.0,red,2000,0.24811248427587132
32,"Pensacola, FL",100.0,red,2000,0.29036004645760743
33,"Corpus Christi, TX",400.0,red,2000,0.29288151478319446
34,"Huntsville, AL",300.0,red,2000,0.3228764416433119
35,"Springfield, MO",100.0,red,2000,0.34816274519361334
36,"St. Petersburg, FL",149.99999999999994,red,2000,0.7597196634441892
37,"Lubbock, TX",199.99999999999997,red,2000,0.7618902497095293
38,"Chandler, AZ",0.0,red,2000,0.7890853711463043
39,"Killeen, TX",200.00000000000006,red,2000,0.40405836218983465
40,United States,102.08603018013629,,2000,0.27537332036760914
41,"Los Angeles, CA",-43.75,blue,2001,0.12484905943790611
42,"Chicago, IL",42.85714285714286,blue,2001,0.13831287340153542
43,"Miami, FL",75.0,blue,2001,0.09401491640663708
44,"Dallas, TX",1100.0,blue,2001,0.017442086603797247
45,"Philadelphia, PA",-27.27272727272727,blue,2001,0.08868575515211026
46,"Houston, TX",342.8571428571429,blue,2001,0.16524470537603453
47,"Atlanta, GA",200.00000000000006,blue,2001,0.1721252689457327
48,"Phoenix, AZ",280.0,red,2001,0.2694857159096282
49,"Seattle, WA",50.00000000000002,blue,2001,0.16466484529051684
50,"San Francisco, CA",33.333333333333336,blue,2001,0.11099515200924813
51,"Detroit, MI",-10.000000000000012,blue,2001,0.14195648976806013
52,"San Diego, CA",9.090909090909092,blue,2001,0.3426456103670856
53,"Minneapolis, MN",-16.666666666666675,blue,2001,0.13667004127776922
54,"Tampa, FL",-12.500000000000005,blue,2001,0.0713205717057028
55,"Denver, CO",166.66666666666666,blue,2001,0.3587745123716215
56,"Brooklyn, NY",-77.77777777777777,blue,2001,0.15214042561284066
57,"Queens, NY",33.33333333333334,blue,2001,
58,"Baltimore, MD",-19.999999999999993,blue,2001,0.1842889946298187
59,"Riverside, CA",0.0,blue,2001,0.04796740518882609
60,"Las Vegas, NV",750.0000000000002,blue,2001,0.48238219623790124
61,"Portland, OR",-75.00000000000001,blue,2001,0.24357023298954206
62,"Kansas City, MO",85.71428571428572,red,2001,0.618957045000034
63,"Virginia Beach, VA",300.0,red,2001,0.2702003468021451
64,"Jacksonville, FL",400.0,red,2001,
65,"Oklahoma City, OK",37.50000000000001,red,2001,0.41841091717765094
66,"Sarasota, FL",0.0,red,2001,
67,"Tulsa, OK",49.999999999999986,red,2001,0.7439878343109334
68,"Colorado Springs, CO",66.6666666666667,red,2001,0.16027027979985448
69,"Bakersfield, CA",550.0000000000001,red,2001,0.5223186770712547
70,"Mesa, AZ",300.0,red,2001,0.8058001494759277
71,"Chattanooga, TN",0.0,red,2001,0.24559042393818978
72,"Spokane, WA",100.0,red,2001,0.24811248427587132
73,"Pensacola, FL",100.0,red,2001,0.29036004645760743
74,"Corpus Christi, TX",400.0,red,2001,0.29288151478319446
75,"Huntsville, AL",300.0,red,2001,
76,"Springfield, MO",100.0,red,2001,
77,"St. Petersburg, FL",149.99999999999994,red,2001,
78,"Lubbock, TX",199.99999999999997,red,2001,0.7618902497095293
79,"Chandler, AZ",0.0,red,2001,0.39454268557315214
80,"Killeen, TX",200.00000000000006,red,2001,
81,United States,102.08603018013629,,2001,0.30248909043442995
82,"Los Angeles, CA",-43.75,blue,2002,0.13265212565277526
83,"Chicago, IL",42.85714285714286,blue,2002,0.20746931010230313
84,"Miami, FL",75.0,blue,2002,0.06267661093775805
85,"Dallas, TX",1100.0,blue,2002,0.034884173207594495
86,"Philadelphia, PA",-27.27272727272727,blue,2002,0.08868575515211026
87,"Houston, TX",342.8571428571429,blue,2002,0.3672104563911878
88,"Atlanta, GA",200.00000000000006,blue,2002,0.1912502988285919
89,"Phoenix, AZ",280.0,red,2002,0.14699220867797902
90,"Seattle, WA",50.00000000000002,blue,2002,0.1097765635270112
91,"San Francisco, CA",33.333333333333336,blue,2002,0.1664927280138722
92,"Detroit, MI",-10.000000000000012,blue,2002,0.2555216815825082
93,"San Diego, CA",9.090909090909092,blue,2002,0.18689760565477395
94,"Minneapolis, MN",-16.666666666666675,blue,2002,0.10250253095832691
95,"Tampa, FL",-12.500000000000005,blue,2002,0.10698085755855417
96,"Denver, CO",166.66666666666666,blue,2002,0.1435098049486486
97,"Brooklyn, NY",-77.77777777777777,blue,2002,0.22821063841926098
98,"Queens, NY",33.33333333333334,blue,2002,
99,"Baltimore, MD",-19.999999999999993,blue,2002,0.09214449731490935
100,"Riverside, CA",0.0,blue,2002,0.09593481037765218
101,"Las Vegas, NV",750.0000000000002,blue,2002,0.385905756990321
102,"Portland, OR",-75.00000000000001,blue,2002,0.09742809319581683
103,"Kansas City, MO",85.71428571428572,red,2002,0.37137422700002043
104,"Virginia Beach, VA",300.0,red,2002,0.06755008670053628
105,"Jacksonville, FL",400.0,red,2002,0.43241709915583537
106,"Oklahoma City, OK",37.50000000000001,red,2002,0.3138081878832382
107,"Sarasota, FL",0.0,red,2002,0.1415939227888339
108,"Tulsa, OK",49.999999999999986,red,2002,0.5951902674487467
109,"Colorado Springs, CO",66.6666666666667,red,2002,0.16027027979985448
110,"Bakersfield, CA",550.0000000000001,red,2002,
111,"Mesa, AZ",300.0,red,2002,0.20145003736898193
112,"Chattanooga, TN",0.0,red,2002,0.7367712718145695
113,"Spokane, WA",100.0,red,2002,0.49622496855174264
114,"Pensacola, FL",100.0,red,2002,
115,"Corpus Christi, TX",400.0,red,2002,0.8786445443495834
116,"Huntsville, AL",300.0,red,2002,0.3228764416433119
117,"Springfield, MO",100.0,red,2002,0.34816274519361334
118,"St. Petersburg, FL",149.99999999999994,red,2002,0.7597196634441892
119,"Lubbock, TX",199.99999999999997,red,2002,
120,"Chandler, AZ",0.0,red,2002,0.39454268557315214
121,"Killeen, TX",200.00000000000006,red,2002,
122,United States,102.08603018013629,,2002,0.31325489627746206
123,"Los Angeles, CA",-43.75,blue,2003,0.14825825808251353
124,"Chicago, IL",42.85714285714286,blue,2003,0.48409505690537397
125,"Miami, FL",75.0,blue,2003,0.04700745820331854
126,"Dallas, TX",1100.0,blue,2003,0.13953669283037798
127,"Philadelphia, PA",-27.27272727272727,blue,2003,0.15963435927379846
128,"Houston, TX",342.8571428571429,blue,2003,0.1836052281955939
129,"Atlanta, GA",200.00000000000006,blue,2003,0.07650011953143676
130,"Phoenix, AZ",280.0,red,2003,0.17149091012430887
131,"Seattle, WA",50.00000000000002,blue,2003,0.0548882817635056
132,"San Francisco, CA",33.333333333333336,blue,2003,0.0832463640069361
133,"Detroit, MI",-10.000000000000012,blue,2003,0.19873908567528417
134,"San Diego, CA",9.090909090909092,blue,2003,0.1245984037698493
135,"Minneapolis, MN",-16.666666666666675,blue,2003,0.1708375515972115
136,"Tampa, FL",-12.500000000000005,blue,2003,0.0713205717057028
137,"Denver, CO",166.66666666666666,blue,2003,0.4305294148459458
138,"Brooklyn, NY",-77.77777777777777,blue,2003,0.3803510640321016
139,"Queens, NY",33.33333333333334,blue,2003,0.042862274083668876
140,"Baltimore, MD",-19.999999999999993,blue,2003,0.1842889946298187
141,"Riverside, CA",0.0,blue,2003,0.14390221556647828
142,"Las Vegas, NV",750.0000000000002,blue,2003,0.43414397661411114
143,"Portland, OR",-75.00000000000001,blue,2003,0.14614213979372526
144,"Kansas City, MO",85.71428571428572,red,2003,0.618957045000034
145,"Virginia Beach, VA",300.0,red,2003,0.20265026010160886
146,"Jacksonville, FL",400.0,red,2003,0.2594502594935012
147,"Oklahoma City, OK",37.50000000000001,red,2003,0.5230136464720637
148,"Sarasota, FL",0.0,red,2003,0.1415939227888339
149,"Tulsa, OK",49.999999999999986,red,2003,0.7439878343109334
150,"Colorado Springs, CO",66.6666666666667,red,2003,0.9616216787991267
151,"Bakersfield, CA",550.0000000000001,red,2003,
152,"Mesa, AZ",300.0,red,2003,0.20145003736898193
153,"Chattanooga, TN",0.0,red,2003,0.7367712718145695
154,"Spokane, WA",100.0,red,2003,0.49622496855174264
155,"Pensacola, FL",100.0,red,2003,0.29036004645760743
156,"Corpus Christi, TX",400.0,red,2003,0.29288151478319446
157,"Huntsville, AL",300.0,red,2003,
158,"Springfield, MO",100.0,red,2003,0.6963254903872267
159,"St. Petersburg, FL",149.99999999999994,red,2003,0.3798598317220946
160,"Lubbock, TX",199.99999999999997,red,2003,0.38094512485476467
161,"Chandler, AZ",0.0,red,2003,0.7890853711463043
162,"Killeen, TX",200.00000000000006,red,2003,
163,United States,102.08603018013629,,2003,0.3357371134004805
164,"Los Angeles, CA",-43.75,blue,2004,0.14825825808251353
165,"Chicago, IL",42.85714285714286,blue,2004,0.19594323731884186
166,"Miami, FL",75.0,blue,2004,0.03133830546887902
167,"Dallas, TX",1100.0,blue,2004,0.12209460622658072
168,"Philadelphia, PA",-27.27272727272727,blue,2004,0.2128458123650646
169,"Houston, TX",342.8571428571429,blue,2004,0.1836052281955939
170,"Atlanta, GA",200.00000000000006,blue,2004,0.11475017929715516
171,"Phoenix, AZ",280.0,red,2004,0.34298182024861773
172,"Seattle, WA",50.00000000000002,blue,2004,0.16466484529051684
173,"San Francisco, CA",33.333333333333336,blue,2004,0.1664927280138722
174,"Detroit, MI",-10.000000000000012,blue,2004,0.1135651918144481
175,"San Diego, CA",9.090909090909092,blue,2004,0.09344880282738698
176,"Minneapolis, MN",-16.666666666666675,blue,2004,0.13667004127776922
177,"Tampa, FL",-12.500000000000005,blue,2004,0.0356602858528514
178,"Denver, CO",166.66666666666666,blue,2004,0.17938725618581075
179,"Brooklyn, NY",-77.77777777777777,blue,2004,0.15214042561284066
180,"Queens, NY",33.33333333333334,blue,2004,0.1714490963346755
181,"Baltimore, MD",-19.999999999999993,blue,2004,0.1842889946298187
182,"Riverside, CA",0.0,blue,2004,0.04796740518882609
183,"Las Vegas, NV",750.0000000000002,blue,2004,0.5306204158616914
184,"Portland, OR",-75.00000000000001,blue,2004,0.19485618639163366
185,"Kansas City, MO",85.71428571428572,red,2004,0.2475828180000136
186,"Virginia Beach, VA",300.0,red,2004,
187,"Jacksonville, FL",400.0,red,2004,0.2594502594935012
188,"Oklahoma City, OK",37.50000000000001,red,2004,0.7322191050608893
189,"Sarasota, FL",0.0,red,2004,0.1415939227888339
190,"Tulsa, OK",49.999999999999986,red,2004,0.7439878343109334
191,"Colorado Springs, CO",66.6666666666667,red,2004,0.6410811191994179
192,"Bakersfield, CA",550.0000000000001,red,2004,1.5669560312137643
193,"Mesa, AZ",300.0,red,2004,1.4101502615828736
194,"Chattanooga, TN",0.0,red,2004,1.473542543629139
195,"Spokane, WA",100.0,red,2004,
196,"Pensacola, FL",100.0,red,2004,0.29036004645760743
197,"Corpus Christi, TX",400.0,red,2004,0.5857630295663889
198,"Huntsville, AL",300.0,red,2004,
199,"Springfield, MO",100.0,red,2004,
200,"St. Petersburg, FL",149.99999999999994,red,2004,1.1395794951662837
201,"Lubbock, TX",199.99999999999997,red,2004,
202,"Chandler, AZ",0.0,red,2004,0.7890853711463043
203,"Killeen, TX",200.00000000000006,red,2004,
204,United States,102.08603018013629,,2004,0.3302535871465003
205,"Los Angeles, CA",-43.75,blue,2005,0.14825825808251353
206,"Chicago, IL",42.85714285714286,blue,2005,0.21899538288576442
207,"Miami, FL",75.0,blue,2005,0.09401491640663708
208,"Dallas, TX",1100.0,blue,2005,0.017442086603797247
209,"Philadelphia, PA",-27.27272727272727,blue,2005,0.17737151030422052
210,"Houston, TX",342.8571428571429,blue,2005,0.45901307048898476
211,"Atlanta, GA",200.00000000000006,blue,2005,0.15300023906287352
212,"Phoenix, AZ",280.0,red,2005,0.1959896115706387
213,"Seattle, WA",50.00000000000002,blue,2005,0.08233242264525842
214,"San Francisco, CA",33.333333333333336,blue,2005,0.0832463640069361
215,"Detroit, MI",-10.000000000000012,blue,2005,0.19873908567528417
216,"San Diego, CA",9.090909090909092,blue,2005,0.2803464084821609
217,"Minneapolis, MN",-16.666666666666675,blue,2005,0.1708375515972115
218,"Tampa, FL",-12.500000000000005,blue,2005,0.21396171511710835
219,"Denver, CO",166.66666666666666,blue,2005,0.0717549024743243
220,"Brooklyn, NY",-77.77777777777777,blue,2005,0.1901755320160508
221,"Queens, NY",33.33333333333334,blue,2005,0.12858682225100662
222,"Baltimore, MD",-19.999999999999993,blue,2005,0.27643349194472805
223,"Riverside, CA",0.0,blue,2005,0.09593481037765218
224,"Las Vegas, NV",750.0000000000002,blue,2005,0.3376675373665309
225,"Portland, OR",-75.00000000000001,blue,2005,0.14614213979372526
226,"Kansas City, MO",85.71428571428572,red,2005,0.309478522500017
227,"Virginia Beach, VA",300.0,red,2005,0.06755008670053628
228,"Jacksonville, FL",400.0,red,2005,0.43241709915583537
229,"Oklahoma City, OK",37.50000000000001,red,2005,0.7322191050608893
230,"Sarasota, FL",0.0,red,2005,0.1415939227888339
231,"Tulsa, OK",49.999999999999986,red,2005,0.29759513372437335
232,"Colorado Springs, CO",66.6666666666667,red,2005,0.6410811191994179
233,"Bakersfield, CA",550.0000000000001,red,2005,0.6964249027616729
234,"Mesa, AZ",300.0,red,2005,0.6043501121069459
235,"Chattanooga, TN",0.0,red,2005,0.24559042393818978
236,"Spokane, WA",100.0,red,2005,
237,"Pensacola, FL",100.0,red,2005,0.5807200929152149
238,"Corpus Christi, TX",400.0,red,2005,0.29288151478319446
239,"Huntsville, AL",300.0,red,2005,1.2915057665732477
240,"Springfield, MO",100.0,red,2005,
241,"St. Petersburg, FL",149.99999999999994,red,2005,0.7597196634441892
242,"Lubbock, TX",199.99999999999997,red,2005,1.5237804994190587
243,"Chandler, AZ",0.0,red,2005,
244,"Killeen, TX",200.00000000000006,red,2005,
245,United States,102.08603018013629,,2005,0.368168828310047
246,"Los Angeles, CA",-43.75,blue,2006,0.08583372836356046
247,"Chicago, IL",42.85714285714286,blue,2006,0.28815181958653213
248,"Miami, FL",75.0,blue,2006,0.04700745820331854
249,"Dallas, TX",1100.0,blue,2006,0.12209460622658072
250,"Philadelphia, PA",-27.27272727272727,blue,2006,0.35474302060844104
251,"Houston, TX",342.8571428571429,blue,2006,0.25704731947383147
252,"Atlanta, GA",200.00000000000006,blue,2006,0.2486253884771695
253,"Phoenix, AZ",280.0,red,2006,0.22048831301696856
254,"Seattle, WA",50.00000000000002,blue,2006,0.08233242264525842
255,"San Francisco, CA",33.333333333333336,blue,2006,0.1664927280138722
256,"Detroit, MI",-10.000000000000012,blue,2006,0.4258694693041804
257,"San Diego, CA",9.090909090909092,blue,2006,0.09344880282738698
258,"Minneapolis, MN",-16.666666666666675,blue,2006,0.13667004127776922
259,"Tampa, FL",-12.500000000000005,blue,2006,0.0356602858528514
260,"Denver, CO",166.66666666666666,blue,2006,0.17938725618581075
261,"Brooklyn, NY",-77.77777777777777,blue,2006,0.1901755320160508
262,"Queens, NY",33.33333333333334,blue,2006,0.042862274083668876
263,"Baltimore, MD",-19.999999999999993,blue,2006,0.27643349194472805
264,"Riverside, CA",0.0,blue,2006,0.14390221556647828
265,"Las Vegas, NV",750.0000000000002,blue,2006,0.5788586354854814
266,"Portland, OR",-75.00000000000001,blue,2006,0.3409983261853589
267,"Kansas City, MO",85.71428571428572,red,2006,0.4951656360000272
268,"Virginia Beach, VA",300.0,red,2006,0.13510017340107255
269,"Jacksonville, FL",400.0,red,2006,0.2594502594935012
270,"Oklahoma City, OK",37.50000000000001,red,2006,0.20920545858882547
271,"Sarasota, FL",0.0,red,2006,
272,"Tulsa, OK",49.999999999999986,red,2006,0.44639270058656
273,"Colorado Springs, CO",66.6666666666667,red,2006,0.16027027979985448
274,"Bakersfield, CA",550.0000000000001,red,2006,0.6964249027616729
275,"Mesa, AZ",300.0,red,2006,0.8058001494759277
276,"Chattanooga, TN",0.0,red,2006,0.24559042393818978
277,"Spokane, WA",100.0,red,2006,0.7443374528276139
278,"Pensacola, FL",100.0,red,2006,
279,"Corpus Christi, TX",400.0,red,2006,0.8786445443495834
280,"Huntsville, AL",300.0,red,2006,0.6457528832866238
281,"Springfield, MO",100.0,red,2006,
282,"St. Petersburg, FL",149.99999999999994,red,2006,
283,"Lubbock, TX",199.99999999999997,red,2006,0.38094512485476467
284,"Chandler, AZ",0.0,red,2006,
285,"Killeen, TX",200.00000000000006,red,2006,
286,United States,102.08603018013629,,2006,0.3968095546592962
287,"Los Angeles, CA",-43.75,blue,2007,0.16386439051225177
288,"Chicago, IL",42.85714285714286,blue,2007,0.34578218350383855
289,"Miami, FL",75.0,blue,2007,0.04700745820331854
290,"Dallas, TX",1100.0,blue,2007,0.24418921245316144
291,"Philadelphia, PA",-27.27272727272727,blue,2007,0.39021732266928516
292,"Houston, TX",342.8571428571429,blue,2007,0.4039315020303066
293,"Atlanta, GA",200.00000000000006,blue,2007,0.03825005976571838
294,"Phoenix, AZ",280.0,red,2007,0.14699220867797902
295,"Seattle, WA",50.00000000000002,blue,2007,0.0548882817635056
296,"San Francisco, CA",33.333333333333336,blue,2007,0.22199030401849626
297,"Detroit, MI",-10.000000000000012,blue,2007,0.2555216815825082
298,"San Diego, CA",9.090909090909092,blue,2007,0.2803464084821609
299,"Minneapolis, MN",-16.666666666666675,blue,2007,
300,"Tampa, FL",-12.500000000000005,blue,2007,
301,"Denver, CO",166.66666666666666,blue,2007,0.17938725618581075
302,"Brooklyn, NY",-77.77777777777777,blue,2007,0.15214042561284066
303,"Queens, NY",33.33333333333334,blue,2007,0.08572454816733775
304,"Baltimore, MD",-19.999999999999993,blue,2007,0.6450114812043655
305,"Riverside, CA",0.0,blue,2007,
306,"Las Vegas, NV",750.0000000000002,blue,2007,0.48238219623790124
307,"Portland, OR",-75.00000000000001,blue,2007,0.048714046597908414
308,"Kansas City, MO",85.71428571428572,red,2007,0.4332699315000238
309,"Virginia Beach, VA",300.0,red,2007,0.13510017340107255
310,"Jacksonville, FL",400.0,red,2007,0.9513176181428378
311,"Oklahoma City, OK",37.50000000000001,red,2007,0.41841091717765094
312,"Sarasota, FL",0.0,red,2007,0.2831878455776678
313,"Tulsa, OK",49.999999999999986,red,2007,0.29759513372437335
314,"Colorado Springs, CO",66.6666666666667,red,2007,0.16027027979985448
315,"Bakersfield, CA",550.0000000000001,red,2007,1.0446373541425094
316,"Mesa, AZ",300.0,red,2007,0.8058001494759277
317,"Chattanooga, TN",0.0,red,2007,0.24559042393818978
318,"Spokane, WA",100.0,red,2007,0.49622496855174264
319,"Pensacola, FL",100.0,red,2007,0.29036004645760743
320,"Corpus Christi, TX",400.0,red,2007,1.1715260591327779
321,"Huntsville, AL",300.0,red,2007,0.6457528832866238
322,"Springfield, MO",100.0,red,2007,
323,"St. Petersburg, FL",149.99999999999994,red,2007,0.3798598317220946
324,"Lubbock, TX",199.99999999999997,red,2007,0.38094512485476467
325,"Chandler, AZ",0.0,red,2007,
326,"Killeen, TX",200.00000000000006,red,2007,
327,United States,102.08603018013629,,2007,0.39205765291110756
328,"Los Angeles, CA",-43.75,blue,2008,0.20287972158659745
329,"Chicago, IL",42.85714285714286,blue,2008,0.34578218350383855
330,"Miami, FL",75.0,blue,2008,0.04700745820331854
331,"Dallas, TX",1100.0,blue,2008,0.1569787794341752
332,"Philadelphia, PA",-27.27272727272727,blue,2008,0.2128458123650646
333,"Houston, TX",342.8571428571429,blue,2008,0.38557097921074723
334,"Atlanta, GA",200.00000000000006,blue,2008,0.1912502988285919
335,"Phoenix, AZ",280.0,red,2008,0.07349610433898951
336,"Seattle, WA",50.00000000000002,blue,2008,
337,"San Francisco, CA",33.333333333333336,blue,2008,0.0832463640069361
338,"Detroit, MI",-10.000000000000012,blue,2008,0.36908687339695634
339,"San Diego, CA",9.090909090909092,blue,2008,0.15574800471231162
340,"Minneapolis, MN",-16.666666666666675,blue,2008,0.1708375515972115
341,"Tampa, FL",-12.500000000000005,blue,2008,0.10698085755855417
342,"Denver, CO",166.66666666666666,blue,2008,0.2152647074229729
343,"Brooklyn, NY",-77.77777777777777,blue,2008,0.34231595762889144
344,"Queens, NY",33.33333333333334,blue,2008,
345,"Baltimore, MD",-19.999999999999993,blue,2008,0.3685779892596374
346,"Riverside, CA",0.0,blue,2008,0.14390221556647828
347,"Las Vegas, NV",750.0000000000002,blue,2008,0.2894293177427407
348,"Portland, OR",-75.00000000000001,blue,2008,0.09742809319581683
349,"Kansas City, MO",85.71428571428572,red,2008,0.7427484540000409
350,"Virginia Beach, VA",300.0,red,2008,
351,"Jacksonville, FL",400.0,red,2008,1.1242844578051718
352,"Oklahoma City, OK",37.50000000000001,red,2008,0.3138081878832382
353,"Sarasota, FL",0.0,red,2008,0.1415939227888339
354,"Tulsa, OK",49.999999999999986,red,2008,0.29759513372437335
355,"Colorado Springs, CO",66.6666666666667,red,2008,0.16027027979985448
356,"Bakersfield, CA",550.0000000000001,red,2008,0.34821245138083645
357,"Mesa, AZ",300.0,red,2008,1.2087002242138918
358,"Chattanooga, TN",0.0,red,2008,
359,"Spokane, WA",100.0,red,2008,0.24811248427587132
360,"Pensacola, FL",100.0,red,2008,
361,"Corpus Christi, TX",400.0,red,2008,
362,"Huntsville, AL",300.0,red,2008,0.3228764416433119
363,"Springfield, MO",100.0,red,2008,0.34816274519361334
364,"St. Petersburg, FL",149.99999999999994,red,2008,1.5194393268883783
365,"Lubbock, TX",199.99999999999997,red,2008,0.7618902497095293
366,"Chandler, AZ",0.0,red,2008,
367,"Killeen, TX",200.00000000000006,red,2008,
368,United States,102.08603018013629,,2008,0.37060912941626734
369,"Los Angeles, CA",-43.75,blue,2009,0.13265212565277526
370,"Chicago, IL",42.85714285714286,blue,2009,0.27662574680307084
371,"Miami, FL",75.0,blue,2009,0.15669152734439515
372,"Dallas, TX",1100.0,blue,2009,0.19186295264176972
373,"Philadelphia, PA",-27.27272727272727,blue,2009,0.3192687185475969
374,"Houston, TX",342.8571428571429,blue,2009,0.4957341161281036
375,"Atlanta, GA",200.00000000000006,blue,2009,0.01912502988285919
376,"Phoenix, AZ",280.0,red,2009,0.17149091012430887
377,"Seattle, WA",50.00000000000002,blue,2009,0.1097765635270112
378,"San Francisco, CA",33.333333333333336,blue,2009,0.027748788002312032
379,"Detroit, MI",-10.000000000000012,blue,2009,0.2555216815825082
380,"San Diego, CA",9.090909090909092,blue,2009,0.2491968075396986
381,"Minneapolis, MN",-16.666666666666675,blue,2009,0.034167510319442304
382,"Tampa, FL",-12.500000000000005,blue,2009,0.0356602858528514
383,"Denver, CO",166.66666666666666,blue,2009,0.10763235371148645
384,"Brooklyn, NY",-77.77777777777777,blue,2009,0.22821063841926098
385,"Queens, NY",33.33333333333334,blue,2009,0.08572454816733775
386,"Baltimore, MD",-19.999999999999993,blue,2009,0.5528669838894561
387,"Riverside, CA",0.0,blue,2009,0.09593481037765218
388,"Las Vegas, NV",750.0000000000002,blue,2009,0.43414397661411114
389,"Portland, OR",-75.00000000000001,blue,2009,
390,"Kansas City, MO",85.71428571428572,red,2009,0.4332699315000238
391,"Virginia Beach, VA",300.0,red,2009,0.06755008670053628
392,"Jacksonville, FL",400.0,red,2009,0.8648341983116707
393,"Oklahoma City, OK",37.50000000000001,red,2009,0.3138081878832382
394,"Sarasota, FL",0.0,red,2009,
395,"Tulsa, OK",49.999999999999986,red,2009,0.5951902674487467
396,"Colorado Springs, CO",66.6666666666667,red,2009,0.32054055959970895
397,"Bakersfield, CA",550.0000000000001,red,2009,1.5669560312137643
398,"Mesa, AZ",300.0,red,2009,0.40290007473796385
399,"Chattanooga, TN",0.0,red,2009,1.227952119690949
400,"Spokane, WA",100.0,red,2009,0.49622496855174264
401,"Pensacola, FL",100.0,red,2009,0.5807200929152149
402,"Corpus Christi, TX",400.0,red,2009,0.5857630295663889
403,"Huntsville, AL",300.0,red,2009,1.6143822082165598
404,"Springfield, MO",100.0,red,2009,0.6963254903872267
405,"St. Petersburg, FL",149.99999999999994,red,2009,1.1395794951662837
406,"Lubbock, TX",199.99999999999997,red,2009,0.38094512485476467
407,"Chandler, AZ",0.0,red,2009,
408,"Killeen, TX",200.00000000000006,red,2009,
409,United States,102.08603018013629,,2009,0.3784575458435062
410,"Los Angeles, CA",-43.75,blue,2010,0.17947052294199003
411,"Chicago, IL",42.85714285714286,blue,2010,0.27662574680307084
412,"Miami, FL",75.0,blue,2010,0.10968406914107658
413,"Dallas, TX",1100.0,blue,2010,0.2965154722645532
414,"Philadelphia, PA",-27.27272727272727,blue,2010,0.2483201144259087
415,"Houston, TX",342.8571428571429,blue,2010,0.4773735933085441
416,"Atlanta, GA",200.00000000000006,blue,2010,0.09562514941429595
417,"Phoenix, AZ",280.0,red,2010,0.29398441735595804
418,"Seattle, WA",50.00000000000002,blue,2010,0.1097765635270112
419,"San Francisco, CA",33.333333333333336,blue,2010,0.0832463640069361
420,"Detroit, MI",-10.000000000000012,blue,2010,0.28391297953612027
421,"San Diego, CA",9.090909090909092,blue,2010,0.18689760565477395
422,"Minneapolis, MN",-16.666666666666675,blue,2010,0.13667004127776922
423,"Tampa, FL",-12.500000000000005,blue,2010,0.0356602858528514
424,"Denver, CO",166.66666666666666,blue,2010,0.2152647074229729
425,"Brooklyn, NY",-77.77777777777777,blue,2010,0.11410531920963049
426,"Queens, NY",33.33333333333334,blue,2010,0.08572454816733775
427,"Baltimore, MD",-19.999999999999993,blue,2010,0.27643349194472805
428,"Riverside, CA",0.0,blue,2010,0.04796740518882609
429,"Las Vegas, NV",750.0000000000002,blue,2010,0.5788586354854814
430,"Portland, OR",-75.00000000000001,blue,2010,0.2922842795874505
431,"Kansas City, MO",85.71428571428572,red,2010,0.309478522500017
432,"Virginia Beach, VA",300.0,red,2010,
433,"Jacksonville, FL",400.0,red,2010,0.6918673586493366
434,"Oklahoma City, OK",37.50000000000001,red,2010,1.4644382101217785
435,"Sarasota, FL",0.0,red,2010,0.2831878455776678
436,"Tulsa, OK",49.999999999999986,red,2010,0.5951902674487467
437,"Colorado Springs, CO",66.6666666666667,red,2010,0.16027027979985448
438,"Bakersfield, CA",550.0000000000001,red,2010,0.6964249027616729
439,"Mesa, AZ",300.0,red,2010,0.6043501121069459
440,"Chattanooga, TN",0.0,red,2010,0.49118084787637956
441,"Spokane, WA",100.0,red,2010,0.9924499371034853
442,"Pensacola, FL",100.0,red,2010,0.29036004645760743
443,"Corpus Christi, TX",400.0,red,2010,
444,"Huntsville, AL",300.0,red,2010,0.9686293249299359
445,"Springfield, MO",100.0,red,2010,0.34816274519361334
446,"St. Petersburg, FL",149.99999999999994,red,2010,0.3798598317220946
447,"Lubbock, TX",199.99999999999997,red,2010,0.38094512485476467
448,"Chandler, AZ",0.0,red,2010,
449,"Killeen, TX",200.00000000000006,red,2010,
450,United States,102.08603018013629,,2010,0.39376485189369176
451,"Los Angeles, CA",-43.75,blue,2011,0.24189505266094313
452,"Chicago, IL",42.85714285714286,blue,2011,0.3918864746376837
453,"Miami, FL",75.0,blue,2011,0.18802983281327415
454,"Dallas, TX",1100.0,blue,2011,0.08721043301898623
455,"Philadelphia, PA",-27.27272727272727,blue,2011,0.2483201144259087
456,"Houston, TX",342.8571428571429,blue,2011,0.3672104563911878
457,"Atlanta, GA",200.00000000000006,blue,2011,0.1721252689457327
458,"Phoenix, AZ",280.0,red,2011,0.2694857159096282
459,"Seattle, WA",50.00000000000002,blue,2011,0.0548882817635056
460,"San Francisco, CA",33.333333333333336,blue,2011,0.11099515200924813
461,"Detroit, MI",-10.000000000000012,blue,2011,0.14195648976806013
462,"San Diego, CA",9.090909090909092,blue,2011,0.21804720659723628
463,"Minneapolis, MN",-16.666666666666675,blue,2011,0.034167510319442304
464,"Tampa, FL",-12.500000000000005,blue,2011,0.178301429264257
465,"Denver, CO",166.66666666666666,blue,2011,0.10763235371148645
466,"Brooklyn, NY",-77.77777777777777,blue,2011,0.15214042561284066
467,"Queens, NY",33.33333333333334,blue,2011,0.042862274083668876
468,"Baltimore, MD",-19.999999999999993,blue,2011,0.23036124328727337
469,"Riverside, CA",0.0,blue,2011,0.19186962075530437
470,"Las Vegas, NV",750.0000000000002,blue,2011,0.5306204158616914
471,"Portland, OR",-75.00000000000001,blue,2011,0.09742809319581683
472,"Kansas City, MO",85.71428571428572,red,2011,0.4951656360000272
473,"Virginia Beach, VA",300.0,red,2011,0.06755008670053628
474,"Jacksonville, FL",400.0,red,2011,0.43241709915583537
475,"Oklahoma City, OK",37.50000000000001,red,2011,1.3598354808273658
476,"Sarasota, FL",0.0,red,2011,
477,"Tulsa, OK",49.999999999999986,red,2011,1.1903805348974934
478,"Colorado Springs, CO",66.6666666666667,red,2011,0.6410811191994179
479,"Bakersfield, CA",550.0000000000001,red,2011,1.5669560312137643
480,"Mesa, AZ",300.0,red,2011,0.40290007473796385
481,"Chattanooga, TN",0.0,red,2011,
482,"Spokane, WA",100.0,red,2011,0.7443374528276139
483,"Pensacola, FL",100.0,red,2011,0.29036004645760743
484,"Corpus Christi, TX",400.0,red,2011,0.8786445443495834
485,"Huntsville, AL",300.0,red,2011,
486,"Springfield, MO",100.0,red,2011,
487,"St. Petersburg, FL",149.99999999999994,red,2011,1.1395794951662837
488,"Lubbock, TX",199.99999999999997,red,2011,0.7618902497095293
489,"Chandler, AZ",0.0,red,2011,0.39454268557315214
490,"Killeen, TX",200.00000000000006,red,2011,
491,United States,102.08603018013629,,2011,0.41822219592561455
492,"Los Angeles, CA",-43.75,blue,2012,0.15606132429738265
493,"Chicago, IL",42.85714285714286,blue,2012,0.18441716453538054
494,"Miami, FL",75.0,blue,2012,0.18802983281327415
495,"Dallas, TX",1100.0,blue,2012,0.2965154722645532
496,"Philadelphia, PA",-27.27272727272727,blue,2012,0.4079544736997072
497,"Houston, TX",342.8571428571429,blue,2012,0.5691762074063411
498,"Atlanta, GA",200.00000000000006,blue,2012,0.1721252689457327
499,"Phoenix, AZ",280.0,red,2012,0.22048831301696856
500,"Seattle, WA",50.00000000000002,blue,2012,0.0548882817635056
501,"San Francisco, CA",33.333333333333336,blue,2012,0.0832463640069361
502,"Detroit, MI",-10.000000000000012,blue,2012,0.14195648976806013
503,"San Diego, CA",9.090909090909092,blue,2012,0.1245984037698493
504,"Minneapolis, MN",-16.666666666666675,blue,2012,0.034167510319442304
505,"Tampa, FL",-12.500000000000005,blue,2012,0.0713205717057028
506,"Denver, CO",166.66666666666666,blue,2012,0.10763235371148645
507,"Brooklyn, NY",-77.77777777777777,blue,2012,0.3042808512256813
508,"Queens, NY",33.33333333333334,blue,2012,0.12858682225100662
509,"Baltimore, MD",-19.999999999999993,blue,2012,0.5989392325469107
510,"Riverside, CA",0.0,blue,2012,0.23983702594413045
511,"Las Vegas, NV",750.0000000000002,blue,2012,0.43414397661411114
512,"Portland, OR",-75.00000000000001,blue,2012,0.24357023298954206
513,"Kansas City, MO",85.71428571428572,red,2012,0.2475828180000136
514,"Virginia Beach, VA",300.0,red,2012,0.13510017340107255
515,"Jacksonville, FL",400.0,red,2012,0.6053839388181695
516,"Oklahoma City, OK",37.50000000000001,red,2012,1.0460272929441274
517,"Sarasota, FL",0.0,red,2012,0.1415939227888339
518,"Tulsa, OK",49.999999999999986,red,2012,1.1903805348974934
519,"Colorado Springs, CO",66.6666666666667,red,2012,0.4808108393995634
520,"Bakersfield, CA",550.0000000000001,red,2012,0.34821245138083645
521,"Mesa, AZ",300.0,red,2012,0.6043501121069459
522,"Chattanooga, TN",0.0,red,2012,0.24559042393818978
523,"Spokane, WA",100.0,red,2012,
524,"Pensacola, FL",100.0,red,2012,0.29036004645760743
525,"Corpus Christi, TX",400.0,red,2012,0.5857630295663889
526,"Huntsville, AL",300.0,red,2012,
527,"Springfield, MO",100.0,red,2012,
528,"St. Petersburg, FL",149.99999999999994,red,2012,1.1395794951662837
529,"Lubbock, TX",199.99999999999997,red,2012,0.7618902497095293
530,"Chandler, AZ",0.0,red,2012,0.39454268557315214
531,"Killeen, TX",200.00000000000006,red,2012,0.40405836218983465
532,United States,102.08603018013629,,2012,0.44641862806474275
533,"Los Angeles, CA",-43.75,blue,2013,0.17947052294199003
534,"Chicago, IL",42.85714285714286,blue,2013,0.24204752845268698
535,"Miami, FL",75.0,blue,2013,0.2507064437510322
536,"Dallas, TX",1100.0,blue,2013,0.24418921245316144
537,"Philadelphia, PA",-27.27272727272727,blue,2013,0.2128458123650646
538,"Houston, TX",342.8571428571429,blue,2013,0.5691762074063411
539,"Atlanta, GA",200.00000000000006,blue,2013,0.11475017929715516
540,"Phoenix, AZ",280.0,red,2013,0.612467536158246
541,"Seattle, WA",50.00000000000002,blue,2013,0.16466484529051684
542,"San Francisco, CA",33.333333333333336,blue,2013,0.11099515200924813
543,"Detroit, MI",-10.000000000000012,blue,2013,0.19873908567528417
544,"San Diego, CA",9.090909090909092,blue,2013,0.21804720659723628
545,"Minneapolis, MN",-16.666666666666675,blue,2013,0.13667004127776922
546,"Tampa, FL",-12.500000000000005,blue,2013,0.1426411434114056
547,"Denver, CO",166.66666666666666,blue,2013,0.2152647074229729
548,"Brooklyn, NY",-77.77777777777777,blue,2013,0.5324914896449422
549,"Queens, NY",33.33333333333334,blue,2013,
550,"Baltimore, MD",-19.999999999999993,blue,2013,0.7371559785192748
551,"Riverside, CA",0.0,blue,2013,0.33577183632178265
552,"Las Vegas, NV",750.0000000000002,blue,2013,0.1929528784951605
553,"Portland, OR",-75.00000000000001,blue,2013,0.09742809319581683
554,"Kansas City, MO",85.71428571428572,red,2013,0.7427484540000409
555,"Virginia Beach, VA",300.0,red,2013,0.13510017340107255
556,"Jacksonville, FL",400.0,red,2013,0.5189005189870024
557,"Oklahoma City, OK",37.50000000000001,red,2013,1.5690409394161913
558,"Sarasota, FL",0.0,red,2013,
559,"Tulsa, OK",49.999999999999986,red,2013,0.5951902674487467
560,"Colorado Springs, CO",66.6666666666667,red,2013,
561,"Bakersfield, CA",550.0000000000001,red,2013,1.7410622569041825
562,"Mesa, AZ",300.0,red,2013,0.40290007473796385
563,"Chattanooga, TN",0.0,red,2013,
564,"Spokane, WA",100.0,red,2013,1.2405624213793565
565,"Pensacola, FL",100.0,red,2013,0.8710801393728222
566,"Corpus Christi, TX",400.0,red,2013,0.8786445443495834
567,"Huntsville, AL",300.0,red,2013,0.9686293249299359
568,"Springfield, MO",100.0,red,2013,0.34816274519361334
569,"St. Petersburg, FL",149.99999999999994,red,2013,2.2791589903325673
570,"Lubbock, TX",199.99999999999997,red,2013,0.7618902497095293
571,"Chandler, AZ",0.0,red,2013,
572,"Killeen, TX",200.00000000000006,red,2013,0.40405836218983465
573,United States,102.08603018013629,,2013,0.5246939800685593
574,"Los Angeles, CA",-43.75,blue,2014,0.2106827878014666
575,"Chicago, IL",42.85714285714286,blue,2014,0.3918864746376837
576,"Miami, FL",75.0,blue,2014,0.10968406914107658
577,"Dallas, TX",1100.0,blue,2014,0.34884173207594493
578,"Philadelphia, PA",-27.27272727272727,blue,2014,0.08868575515211026
579,"Houston, TX",342.8571428571429,blue,2014,0.6242577758650193
580,"Atlanta, GA",200.00000000000006,blue,2014,0.05737508964857758
581,"Phoenix, AZ",280.0,red,2014,0.48997402892659675
582,"Seattle, WA",50.00000000000002,blue,2014,0.2195531270540224
583,"San Francisco, CA",33.333333333333336,blue,2014,0.22199030401849626
584,"Detroit, MI",-10.000000000000012,blue,2014,0.36908687339695634
585,"San Diego, CA",9.090909090909092,blue,2014,0.15574800471231162
586,"Minneapolis, MN",-16.666666666666675,blue,2014,0.034167510319442304
587,"Tampa, FL",-12.500000000000005,blue,2014,0.10698085755855417
588,"Denver, CO",166.66666666666666,blue,2014,0.2152647074229729
589,"Brooklyn, NY",-77.77777777777777,blue,2014,0.3803510640321016
590,"Queens, NY",33.33333333333334,blue,2014,0.08572454816733775
591,"Baltimore, MD",-19.999999999999993,blue,2014,0.32250574060218273
592,"Riverside, CA",0.0,blue,2014,0.09593481037765218
593,"Las Vegas, NV",750.0000000000002,blue,2014,0.5306204158616914
594,"Portland, OR",-75.00000000000001,blue,2014,0.09742809319581683
595,"Kansas City, MO",85.71428571428572,red,2014,0.7427484540000409
596,"Virginia Beach, VA",300.0,red,2014,0.13510017340107255
597,"Jacksonville, FL",400.0,red,2014,0.7783507784805037
598,"Oklahoma City, OK",37.50000000000001,red,2014,1.1506300222385402
599,"Sarasota, FL",0.0,red,2014,0.2831878455776678
600,"Tulsa, OK",49.999999999999986,red,2014,1.33917810175968
601,"Colorado Springs, CO",66.6666666666667,red,2014,0.16027027979985448
602,"Bakersfield, CA",550.0000000000001,red,2014,0.8705311284520912
603,"Mesa, AZ",300.0,red,2014,0.20145003736898193
604,"Chattanooga, TN",0.0,red,2014,
605,"Spokane, WA",100.0,red,2014,0.49622496855174264
606,"Pensacola, FL",100.0,red,2014,0.5807200929152149
607,"Corpus Christi, TX",400.0,red,2014,
608,"Huntsville, AL",300.0,red,2014,0.6457528832866238
609,"Springfield, MO",100.0,red,2014,0.34816274519361334
610,"St. Petersburg, FL",149.99999999999994,red,2014,
611,"Lubbock, TX",199.99999999999997,red,2014,1.5237804994190587
612,"Chandler, AZ",0.0,red,2014,
613,"Killeen, TX",200.00000000000006,red,2014,0.8081167243796693
614,United States,102.08603018013629,,2014,0.5054963570834812
615,"Los Angeles, CA",-43.75,blue,2015,0.17166745672712092
616,"Chicago, IL",42.85714285714286,blue,2015,0.17289109175191927
617,"Miami, FL",75.0,blue,2015,0.1253532218755161
618,"Dallas, TX",1100.0,blue,2015,0.19186295264176972
619,"Philadelphia, PA",-27.27272727272727,blue,2015,0.08868575515211026
620,"Houston, TX",342.8571428571429,blue,2015,0.6793393443236975
621,"Atlanta, GA",200.00000000000006,blue,2015,0.09562514941429595
622,"Phoenix, AZ",280.0,red,2015,0.24498701446329837
623,"Seattle, WA",50.00000000000002,blue,2015,0.0548882817635056
624,"San Francisco, CA",33.333333333333336,blue,2015,0.2774878800231203
625,"Detroit, MI",-10.000000000000012,blue,2015,0.36908687339695634
626,"San Diego, CA",9.090909090909092,blue,2015,0.2491968075396986
627,"Minneapolis, MN",-16.666666666666675,blue,2015,0.034167510319442304
628,"Tampa, FL",-12.500000000000005,blue,2015,0.10698085755855417
629,"Denver, CO",166.66666666666666,blue,2015,0.2152647074229729
630,"Brooklyn, NY",-77.77777777777777,blue,2015,0.038035106403210166
631,"Queens, NY",33.33333333333334,blue,2015,0.08572454816733775
632,"Baltimore, MD",-19.999999999999993,blue,2015,0.1842889946298187
633,"Riverside, CA",0.0,blue,2015,0.04796740518882609
634,"Las Vegas, NV",750.0000000000002,blue,2015,0.5788586354854814
635,"Portland, OR",-75.00000000000001,blue,2015,0.14614213979372526
636,"Kansas City, MO",85.71428571428572,red,2015,0.37137422700002043
637,"Virginia Beach, VA",300.0,red,2015,0.13510017340107255
638,"Jacksonville, FL",400.0,red,2015,0.43241709915583537
639,"Oklahoma City, OK",37.50000000000001,red,2015,1.0460272929441274
640,"Sarasota, FL",0.0,red,2015,0.1415939227888339
641,"Tulsa, OK",49.999999999999986,red,2015,0.89278540117312
642,"Colorado Springs, CO",66.6666666666667,red,2015,0.32054055959970895
643,"Bakersfield, CA",550.0000000000001,red,2015,1.3928498055233458
644,"Mesa, AZ",300.0,red,2015,0.8058001494759277
645,"Chattanooga, TN",0.0,red,2015,0.49118084787637956
646,"Spokane, WA",100.0,red,2015,0.49622496855174264
647,"Pensacola, FL",100.0,red,2015,
648,"Corpus Christi, TX",400.0,red,2015,0.5857630295663889
649,"Huntsville, AL",300.0,red,2015,1.9372586498598718
650,"Springfield, MO",100.0,red,2015,2.0889764711616796
651,"St. Petersburg, FL",149.99999999999994,red,2015,0.3798598317220946
652,"Lubbock, TX",199.99999999999997,red,2015,0.38094512485476467
653,"Chandler, AZ",0.0,red,2015,0.39454268557315214
654,"Killeen, TX",200.00000000000006,red,2015,
655,United States,102.08603018013629,,2015,0.4650144999848317
656,"Los Angeles, CA",-43.75,blue,2016,0.16386439051225177
657,"Chicago, IL",42.85714285714286,blue,2016,0.19594323731884186
658,"Miami, FL",75.0,blue,2016,0.07834576367219757
659,"Dallas, TX",1100.0,blue,2016,0.13953669283037798
660,"Philadelphia, PA",-27.27272727272727,blue,2016,0.15963435927379846
661,"Houston, TX",342.8571428571429,blue,2016,0.38557097921074723
662,"Atlanta, GA",200.00000000000006,blue,2016,0.11475017929715516
663,"Phoenix, AZ",280.0,red,2016,0.4409766260339371
664,"Seattle, WA",50.00000000000002,blue,2016,0.137220704408764
665,"San Francisco, CA",33.333333333333336,blue,2016,0.1942415160161842
666,"Detroit, MI",-10.000000000000012,blue,2016,0.1135651918144481
667,"San Diego, CA",9.090909090909092,blue,2016,0.1245984037698493
668,"Minneapolis, MN",-16.666666666666675,blue,2016,0.10250253095832691
669,"Tampa, FL",-12.500000000000005,blue,2016,0.178301429264257
670,"Denver, CO",166.66666666666666,blue,2016,0.2152647074229729
671,"Brooklyn, NY",-77.77777777777777,blue,2016,0.1901755320160508
672,"Queens, NY",33.33333333333334,blue,2016,0.042862274083668876
673,"Baltimore, MD",-19.999999999999993,blue,2016,0.46072248657454673
674,"Riverside, CA",0.0,blue,2016,
675,"Las Vegas, NV",750.0000000000002,blue,2016,0.385905756990321
676,"Portland, OR",-75.00000000000001,blue,2016,0.048714046597908414
677,"Kansas City, MO",85.71428571428572,red,2016,0.4332699315000238
678,"Virginia Beach, VA",300.0,red,2016,
679,"Jacksonville, FL",400.0,red,2016,0.43241709915583537
680,"Oklahoma City, OK",37.50000000000001,red,2016,0.7322191050608893
681,"Sarasota, FL",0.0,red,2016,0.1415939227888339
682,"Tulsa, OK",49.999999999999986,red,2016,1.33917810175968
683,"Colorado Springs, CO",66.6666666666667,red,2016,0.32054055959970895
684,"Bakersfield, CA",550.0000000000001,red,2016,1.2187435798329276
685,"Mesa, AZ",300.0,red,2016,0.8058001494759277
686,"Chattanooga, TN",0.0,red,2016,0.49118084787637956
687,"Spokane, WA",100.0,red,2016,0.24811248427587132
688,"Pensacola, FL",100.0,red,2016,0.29036004645760743
689,"Corpus Christi, TX",400.0,red,2016,0.5857630295663889
690,"Huntsville, AL",300.0,red,2016,0.6457528832866238
691,"Springfield, MO",100.0,red,2016,0.34816274519361334
692,"St. Petersburg, FL",149.99999999999994,red,2016,2.2791589903325673
693,"Lubbock, TX",199.99999999999997,red,2016,0.7618902497095293
694,"Chandler, AZ",0.0,red,2016,0.39454268557315214
695,"Killeen, TX",200.00000000000006,red,2016,1.212175086569504
696,United States,102.08603018013629,,2016,0.46386137325119114
697,"Los Angeles, CA",-43.75,blue,2017,0.12484905943790611
698,"Chicago, IL",42.85714285714286,blue,2017,0.19594323731884186
699,"Miami, FL",75.0,blue,2017,0.14102237460995562
700,"Dallas, TX",1100.0,blue,2017,0.08721043301898623
701,"Philadelphia, PA",-27.27272727272727,blue,2017,0.14189720824337643
702,"Houston, TX",342.8571428571429,blue,2017,0.25704731947383147
703,"Atlanta, GA",200.00000000000006,blue,2017,0.1721252689457327
704,"Phoenix, AZ",280.0,red,2017,0.46547532748026693
705,"Seattle, WA",50.00000000000002,blue,2017,0.08233242264525842
706,"San Francisco, CA",33.333333333333336,blue,2017,0.1942415160161842
707,"Detroit, MI",-10.000000000000012,blue,2017,0.34069557544334433
708,"San Diego, CA",9.090909090909092,blue,2017,0.1245984037698493
709,"Minneapolis, MN",-16.666666666666675,blue,2017,0.034167510319442304
710,"Tampa, FL",-12.500000000000005,blue,2017,0.0356602858528514
711,"Denver, CO",166.66666666666666,blue,2017,0.10763235371148645
712,"Brooklyn, NY",-77.77777777777777,blue,2017,0.2662457448224711
713,"Queens, NY",33.33333333333334,blue,2017,
714,"Baltimore, MD",-19.999999999999993,blue,2017,0.27643349194472805
715,"Riverside, CA",0.0,blue,2017,0.04796740518882609
716,"Las Vegas, NV",750.0000000000002,blue,2017,0.771811513980642
717,"Portland, OR",-75.00000000000001,blue,2017,0.14614213979372526
718,"Kansas City, MO",85.71428571428572,red,2017,0.4332699315000238
719,"Virginia Beach, VA",300.0,red,2017,
720,"Jacksonville, FL",400.0,red,2017,1.0378010379740048
721,"Oklahoma City, OK",37.50000000000001,red,2017,1.0460272929441274
722,"Sarasota, FL",0.0,red,2017,
723,"Tulsa, OK",49.999999999999986,red,2017,1.1903805348974934
724,"Colorado Springs, CO",66.6666666666667,red,2017,1.1218919585989813
725,"Bakersfield, CA",550.0000000000001,red,2017,1.3928498055233458
726,"Mesa, AZ",300.0,red,2017,0.8058001494759277
727,"Chattanooga, TN",0.0,red,2017,0.24559042393818978
728,"Spokane, WA",100.0,red,2017,1.4886749056552278
729,"Pensacola, FL",100.0,red,2017,0.29036004645760743
730,"Corpus Christi, TX",400.0,red,2017,0.29288151478319446
731,"Huntsville, AL",300.0,red,2017,1.6143822082165598
732,"Springfield, MO",100.0,red,2017,1.0444882355808398
733,"St. Petersburg, FL",149.99999999999994,red,2017,0.7597196634441892
734,"Lubbock, TX",199.99999999999997,red,2017,
735,"Chandler, AZ",0.0,red,2017,0.39454268557315214
736,"Killeen, TX",200.00000000000006,red,2017,0.8081167243796693
737,United States,102.08603018013629,,2017,0.5067917806644313
738,"Los Angeles, CA",-43.75,blue,2018,0.12484905943790611
739,"Chicago, IL",42.85714285714286,blue,2018,0.14983894618499669
740,"Miami, FL",75.0,blue,2018,0.1253532218755161
741,"Dallas, TX",1100.0,blue,2018,0.1569787794341752
742,"Philadelphia, PA",-27.27272727272727,blue,2018,0.1064229061825323
743,"Houston, TX",342.8571428571429,blue,2018,0.4773735933085441
744,"Atlanta, GA",200.00000000000006,blue,2018,0.1912502988285919
745,"Phoenix, AZ",280.0,red,2018,0.6369662376045757
746,"Seattle, WA",50.00000000000002,blue,2018,0.08233242264525842
747,"San Francisco, CA",33.333333333333336,blue,2018,0.0832463640069361
748,"Detroit, MI",-10.000000000000012,blue,2018,0.28391297953612027
749,"San Diego, CA",9.090909090909092,blue,2018,0.09344880282738698
750,"Minneapolis, MN",-16.666666666666675,blue,2018,0.13667004127776922
751,"Tampa, FL",-12.500000000000005,blue,2018,0.1426411434114056
752,"Denver, CO",166.66666666666666,blue,2018,0.4305294148459458
753,"Brooklyn, NY",-77.77777777777777,blue,2018,0.11410531920963049
754,"Queens, NY",33.33333333333334,blue,2018,0.08572454816733775
755,"Baltimore, MD",-19.999999999999993,blue,2018,0.09214449731490935
756,"Riverside, CA",0.0,blue,2018,0.28780443113295656
757,"Las Vegas, NV",750.0000000000002,blue,2018,0.6753350747330618
758,"Portland, OR",-75.00000000000001,blue,2018,0.2922842795874505
759,"Kansas City, MO",85.71428571428572,red,2018,1.0522269765000578
760,"Virginia Beach, VA",300.0,red,2018,0.13510017340107255
761,"Jacksonville, FL",400.0,red,2018,0.6053839388181695
762,"Oklahoma City, OK",37.50000000000001,red,2018,0.8368218343553019
763,"Sarasota, FL",0.0,red,2018,0.1415939227888339
764,"Tulsa, OK",49.999999999999986,red,2018,1.0415829680353068
765,"Colorado Springs, CO",66.6666666666667,red,2018,1.1218919585989813
766,"Bakersfield, CA",550.0000000000001,red,2018,0.5223186770712547
767,"Mesa, AZ",300.0,red,2018,1.6116002989518554
768,"Chattanooga, TN",0.0,red,2018,0.49118084787637956
769,"Spokane, WA",100.0,red,2018,0.24811248427587132
770,"Pensacola, FL",100.0,red,2018,0.29036004645760743
771,"Corpus Christi, TX",400.0,red,2018,0.5857630295663889
772,"Huntsville, AL",300.0,red,2018,0.9686293249299359
773,"Springfield, MO",100.0,red,2018,1.3926509807744534
774,"St. Petersburg, FL",149.99999999999994,red,2018,0.3798598317220946
775,"Lubbock, TX",199.99999999999997,red,2018,0.38094512485476467
776,"Chandler, AZ",0.0,red,2018,0.39454268557315214
777,"Killeen, TX",200.00000000000006,red,2018,
778,United States,102.08603018013629,,2018,0.532925194465888
779,"Los Angeles, CA",-43.75,blue,2019,0.15606132429738265
780,"Chicago, IL",42.85714285714286,blue,2019,0.18441716453538054
781,"Miami, FL",75.0,blue,2019,0.07834576367219757
782,"Dallas, TX",1100.0,blue,2019,0.13953669283037798
783,"Philadelphia, PA",-27.27272727272727,blue,2019,0.08868575515211026
784,"Houston, TX",342.8571428571429,blue,2019,0.4039315020303066
785,"Atlanta, GA",200.00000000000006,blue,2019,0.1912502988285919
786,"Phoenix, AZ",280.0,red,2019,0.31848311880228786
787,"Seattle, WA",50.00000000000002,blue,2019,0.16466484529051684
788,"San Francisco, CA",33.333333333333336,blue,2019,0.055497576004624065
789,"Detroit, MI",-10.000000000000012,blue,2019,0.17034778772167217
790,"San Diego, CA",9.090909090909092,blue,2019,0.2491968075396986
791,"Minneapolis, MN",-16.666666666666675,blue,2019,0.10250253095832691
792,"Tampa, FL",-12.500000000000005,blue,2019,0.21396171511710835
793,"Denver, CO",166.66666666666666,blue,2019,0.39465196360878363
794,"Brooklyn, NY",-77.77777777777777,blue,2019,0.15214042561284066
795,"Queens, NY",33.33333333333334,blue,2019,
796,"Baltimore, MD",-19.999999999999993,blue,2019,0.27643349194472805
797,"Riverside, CA",0.0,blue,2019,0.14390221556647828
798,"Las Vegas, NV",750.0000000000002,blue,2019,0.2894293177427407
799,"Portland, OR",-75.00000000000001,blue,2019,0.2922842795874505
800,"Kansas City, MO",85.71428571428572,red,2019,0.1237914090000068
801,"Virginia Beach, VA",300.0,red,2019,0.13510017340107255
802,"Jacksonville, FL",400.0,red,2019,0.6918673586493366
803,"Oklahoma City, OK",37.50000000000001,red,2019,1.1506300222385402
804,"Sarasota, FL",0.0,red,2019,
805,"Tulsa, OK",49.999999999999986,red,2019,1.0415829680353068
806,"Colorado Springs, CO",66.6666666666667,red,2019,1.4424325181986903
807,"Bakersfield, CA",550.0000000000001,red,2019,0.8705311284520912
808,"Mesa, AZ",300.0,red,2019,0.6043501121069459
809,"Chattanooga, TN",0.0,red,2019,0.9823616957527591
810,"Spokane, WA",100.0,red,2019,0.7443374528276139
811,"Pensacola, FL",100.0,red,2019,0.8710801393728222
812,"Corpus Christi, TX",400.0,red,2019,0.8786445443495834
813,"Huntsville, AL",300.0,red,2019,0.3228764416433119
814,"Springfield, MO",100.0,red,2019,2.7853019615489067
815,"St. Petersburg, FL",149.99999999999994,red,2019,0.7597196634441892
816,"Lubbock, TX",199.99999999999997,red,2019,
817,"Chandler, AZ",0.0,red,2019,
818,"Killeen, TX",200.00000000000006,red,2019,0.40405836218983465
819,United States,102.08603018013629,,2019,0.5170005075836038
820,"Los Angeles, CA",-43.75,blue,2020,0.07022759593382219
821,"Chicago, IL",42.85714285714286,blue,2020,0.2305214556692257
822,"Miami, FL",75.0,blue,2020,0.10968406914107658
823,"Dallas, TX",1100.0,blue,2020,0.20930503924556698
824,"Philadelphia, PA",-27.27272727272727,blue,2020,0.14189720824337643
825,"Houston, TX",342.8571428571429,blue,2020,0.5691762074063411
826,"Atlanta, GA",200.00000000000006,blue,2020,0.2868754482428879
827,"Phoenix, AZ",280.0,red,2020,0.46547532748026693
828,"Seattle, WA",50.00000000000002,blue,2020,0.16466484529051684
829,"San Francisco, CA",33.333333333333336,blue,2020,0.11099515200924813
830,"Detroit, MI",-10.000000000000012,blue,2020,0.2555216815825082
831,"San Diego, CA",9.090909090909092,blue,2020,0.3737952113095479
832,"Minneapolis, MN",-16.666666666666675,blue,2020,0.1708375515972115
833,"Tampa, FL",-12.500000000000005,blue,2020,0.2496220009699598
834,"Denver, CO",166.66666666666666,blue,2020,0.2870196098972972
835,"Brooklyn, NY",-77.77777777777777,blue,2020,0.07607021280642033
836,"Queens, NY",33.33333333333334,blue,2020,0.1714490963346755
837,"Baltimore, MD",-19.999999999999993,blue,2020,0.3685779892596374
838,"Riverside, CA",0.0,blue,2020,0.04796740518882609
839,"Las Vegas, NV",750.0000000000002,blue,2020,0.8200497336044322
840,"Portland, OR",-75.00000000000001,blue,2020,0.048714046597908414
841,"Kansas City, MO",85.71428571428572,red,2020,0.8046441585000442
842,"Virginia Beach, VA",300.0,red,2020,0.2702003468021451
843,"Jacksonville, FL",400.0,red,2020,0.8648341983116707
844,"Oklahoma City, OK",37.50000000000001,red,2020,1.1506300222385402
845,"Sarasota, FL",0.0,red,2020,0.1415939227888339
846,"Tulsa, OK",49.999999999999986,red,2020,0.89278540117312
847,"Colorado Springs, CO",66.6666666666667,red,2020,0.8013513989992724
848,"Bakersfield, CA",550.0000000000001,red,2020,2.263380933975437
849,"Mesa, AZ",300.0,red,2020,0.8058001494759277
850,"Chattanooga, TN",0.0,red,2020,0.49118084787637956
851,"Spokane, WA",100.0,red,2020,0.49622496855174264
852,"Pensacola, FL",100.0,red,2020,0.5807200929152149
853,"Corpus Christi, TX",400.0,red,2020,1.4644075739159723
854,"Huntsville, AL",300.0,red,2020,1.2915057665732477
855,"Springfield, MO",100.0,red,2020,0.6963254903872267
856,"St. Petersburg, FL",149.99999999999994,red,2020,1.8992991586104726
857,"Lubbock, TX",199.99999999999997,red,2020,2.2856707491285877
858,"Chandler, AZ",0.0,red,2020,0.7890853711463043
859,"Killeen, TX",200.00000000000006,red,2020,1.212175086569504
860,United States,102.08603018013629,,2020,0.55649101130613
