,d_2000,d_2001,d_2002,d_2003,d_2004,d_2005,d_2006,d_2007,d_2008,d_2009,d_2010,d_2011,d_2012,d_2013,d_2014,d_2015,d_2016,d_2017,d_2018,d_2019,d_2020,change,%_change,Total Employees,population,police_hthou,city,party
0,0.17670342097823014,0.17670342097823014,0.35340684195646027,0.5301102629346904,0.17670342097823014,0.5301102629346904,,0.35340684195646027,0.17670342097823014,,0.35340684195646027,,0.35340684195646027,0.17670342097823014,0.17670342097823014,0.7068136839129205,0.17670342097823014,0.7068136839129205,0.5301102629346904,0.35340684195646027,0.5301102629346904,0.3534068419564603,200.00000000000006,484.0,565920.0,85.52445575346339,"Akron, OH",blue
1,1.2629930409083447,,,,,,,,,,,1.2629930409083447,,1.2629930409083447,,,,1.2629930409083447,1.2629930409083447,,,,,110.0,79177.0,138.9292344999179,"Alameda, CA",blue
2,0.16742846618782126,,0.16742846618782126,0.16742846618782126,,,,,,,0.16742846618782126,0.3348569323756425,,,,0.16742846618782126,,,0.16742846618782126,,,,,433.0,597270.0,72.4965258593266,"Albany, NY",blue
3,1.3141295206055508,,,,,1.3141295206055508,,,,,,,,1.3141295206055508,,,,,,,,,,69.0,76096.0,90.67493692178302,"Altoona, PA",red
4,1.4558018556620986,,0.48526728522069956,2.426336426103498,,0.48526728522069956,,0.9705345704413991,0.48526728522069956,,0.9705345704413991,1.9410691408827982,0.9705345704413991,1.4558018556620986,2.426336426103498,0.9705345704413991,1.4558018556620986,0.9705345704413991,1.4558018556620986,1.9410691408827982,0.48526728522069956,-0.970534570441399,-66.66666666666666,411.0,206072.0,199.44485422570753,"Amarillo, TX",red
5,0.28369035764843387,,0.5673807152968677,1.1347614305937355,0.28369035764843387,0.5673807152968677,1.1347614305937355,0.5673807152968677,0.8510710729453016,1.7021421458906032,0.28369035764843387,0.5673807152968677,1.4184517882421694,,1.4184517882421694,0.8510710729453016,1.4184517882421694,0.5673807152968677,1.1347614305937355,0.8510710729453016,0.5673807152968677,0.28369035764843387,100.0,562.0,352497.0,159.43398099841983,"Anaheim, CA",blue
6,1.6021532940271725,,,,,1.6021532940271725,,,,1.6021532940271725,,,,,1.6021532940271725,,,,1.6021532940271725,,,,,62.0,62416.0,99.33350422968469,"Ankeny, IA",blue
7,0.09562514941429595,0.1721252689457327,0.1912502988285919,0.07650011953143676,0.11475017929715516,0.15300023906287352,0.2486253884771695,0.03825005976571838,0.1912502988285919,0.01912502988285919,0.09562514941429595,0.1721252689457327,0.1721252689457327,0.11475017929715516,0.05737508964857758,0.09562514941429595,0.11475017929715516,0.1721252689457327,0.1912502988285919,0.1912502988285919,0.2868754482428879,0.19125029882859196,200.00000000000006,2140.0,5228750.0,40.927563949318674,"Atlanta, GA",blue
8,0.5455195118691408,1.0910390237382817,,1.0910390237382817,0.5455195118691408,0.2727597559345704,0.5455195118691408,0.2727597559345704,0.2727597559345704,0.2727597559345704,,1.6365585356074224,0.8182792678037112,0.2727597559345704,0.5455195118691408,1.0910390237382817,0.5455195118691408,,1.9093182915419926,1.363798779672852,0.8182792678037112,0.27275975593457036,49.999999999999986,810.0,366623.0,220.935402307002,"Aurora, CO",blue
9,0.06102338660268161,0.12204677320536322,0.06102338660268161,0.12204677320536322,0.12204677320536322,0.18307015980804484,0.06102338660268161,0.24409354641072645,0.06102338660268161,0.18307015980804484,0.24409354641072645,0.18307015980804484,0.18307015980804484,0.36614031961608967,0.42716370621877126,0.4881870928214529,0.42716370621877126,0.36614031961608967,0.36614031961608967,0.4881870928214529,0.24409354641072645,0.18307015980804484,300.0,2361.0,1638716.0,144.0762157689313,"Austin, TX",blue
10,0.34821245138083645,0.5223186770712547,,,1.5669560312137643,0.6964249027616729,0.6964249027616729,1.0446373541425094,0.34821245138083645,1.5669560312137643,0.6964249027616729,1.5669560312137643,0.34821245138083645,1.7410622569041825,0.8705311284520912,1.3928498055233458,1.2187435798329276,1.3928498055233458,0.5223186770712547,0.8705311284520912,2.263380933975437,1.9151684825946007,550.0000000000001,530.0,574362.0,92.27629961592167,"Bakersfield, CA",red
11,0.46072248657454673,0.1842889946298187,0.09214449731490935,0.1842889946298187,0.1842889946298187,0.27643349194472805,0.27643349194472805,0.6450114812043655,0.3685779892596374,0.5528669838894561,0.27643349194472805,0.23036124328727337,0.5989392325469107,0.7371559785192748,0.32250574060218273,0.1842889946298187,0.46072248657454673,0.27643349194472805,0.09214449731490935,0.27643349194472805,0.3685779892596374,-0.09214449731490931,-19.999999999999993,2908.0,2170504.0,133.97809909587818,"Baltimore, MD",blue
12,0.6853856922309818,0.3426928461154909,,0.17134642305774545,0.6853856922309818,0.6853856922309818,0.5140392691732364,0.5140392691732364,0.17134642305774545,0.3426928461154909,,0.3426928461154909,0.3426928461154909,0.6853856922309818,0.6853856922309818,0.6853856922309818,0.8567321152887273,1.3707713844619636,0.3426928461154909,0.5140392691732364,0.5140392691732364,-0.1713464230577454,-24.999999999999993,814.0,583613.0,139.4759883690048,"Baton Rouge, LA",blue
13,1.3020324726898689,1.3020324726898689,,,,,1.3020324726898689,,,,1.3020324726898689,,1.3020324726898689,,,1.3020324726898689,1.3020324726898689,2.6040649453797378,1.3020324726898689,2.6040649453797378,1.3020324726898689,0.0,0.0,125.0,76803.0,162.7540590862336,"Battle Creek, MI",red
14,1.3020155200249988,,1.3020155200249988,,,,1.3020155200249988,,,1.3020155200249988,,,3.906046560074996,,1.3020155200249988,1.3020155200249988,1.3020155200249988,,1.3020155200249988,1.3020155200249988,1.3020155200249988,0.0,0.0,235.0,76804.0,305.9736472058747,"Baytown, TX",blue
15,0.6923098224917615,0.6923098224917615,,,,,0.6923098224917615,0.6923098224917615,,0.6923098224917615,,0.6923098224917615,,,,,,,,,,,,215.0,144444.0,148.8466118357287,"Bellevue, WA",blue
16,2.794154628517142,,,,2.794154628517142,,,,,,,2.794154628517142,,2.794154628517142,,,8.382463885551427,,,,,,,90.0,35789.0,251.47391656654278,"Benton, AR",red
17,0.8175010627513817,0.8175010627513817,0.8175010627513817,0.8175010627513817,0.8175010627513817,0.8175010627513817,,,0.8175010627513817,,1.6350021255027634,1.6350021255027634,,1.6350021255027634,,,,0.8175010627513817,,,0.8175010627513817,0.0,0.0,263.0,122324.0,215.00277950361334,"Berkeley, CA",blue
18,2.8998956037582646,,,,,2.8998956037582646,,,,,,,,,,,,,,,,,,184.0,34484.0,533.5807910915207,"Beverly Hills, CA",blue
19,0.7413338077869703,,,,,0.7413338077869703,,,,,,,,0.7413338077869703,,,0.7413338077869703,,,,,,,161.0,134892.0,119.35474305370221,"Bloomington, IL",red
20,1.0188487009679064,,,,1.0188487009679064,2.0376974019358127,2.0376974019358127,,,,2.0376974019358127,,,2.0376974019358127,1.0188487009679064,1.0188487009679064,,,,,,,,287.0,98150.0,292.4095771777891,"Boca Raton, FL",blue
21,0.25959326926571447,,0.25959326926571447,0.5191865385314289,0.5191865385314289,,0.25959326926571447,0.25959326926571447,,,,,0.25959326926571447,,,0.25959326926571447,0.7787798077971434,0.5191865385314289,0.7787798077971434,0.25959326926571447,,,,363.0,385218.0,94.23235674345436,"Boise, ID",red
22,1.2869681604077117,2.5739363208154233,,,,1.2869681604077117,,1.2869681604077117,1.2869681604077117,,1.2869681604077117,1.2869681604077117,3.860904481223135,1.2869681604077117,,,,,,2.5739363208154233,,,,202.0,77702.0,259.96756840235776,"Boynton Beach, FL",blue
23,3.225182222795588,,,,,,,,,,,,3.225182222795588,3.225182222795588,,3.225182222795588,,,3.225182222795588,3.225182222795588,,,,60.0,31006.0,193.51093336773528,"Brooklyn Center, MN",blue
24,0.8670770831526923,,,,,1.7341541663053845,0.8670770831526923,0.8670770831526923,,,,,,,,,,,,,1.7341541663053845,0.8670770831526923,100.0,150.0,115330.0,130.06156247290383,"Carlsbad, CA",blue
25,3.044325377496347,,,3.044325377496347,,,,,,6.088650754992694,,,,6.088650754992694,3.044325377496347,,3.044325377496347,,,6.088650754992694,6.088650754992694,3.044325377496347,100.0,89.0,32848.0,270.9449585971749,"Carlsbad, NM",red
26,0.5371723248818221,,1.0743446497636442,,,0.5371723248818221,,,,0.5371723248818221,,,1.0743446497636442,,,1.0743446497636442,0.5371723248818221,,,0.5371723248818221,,,,280.0,186160.0,150.40825096691017,"Cedar Rapids, IA",blue
27,2.0535145902211633,2.0535145902211633,,,,2.0535145902211633,2.0535145902211633,2.0535145902211633,,,,,,,,,2.0535145902211633,,,,,,,62.0,48697.0,127.31790459371214,"Ceres, CA",blue
28,1.2755590137377706,,,,,,0.6377795068688853,,,0.6377795068688853,,,,0.6377795068688853,,,,,0.6377795068688853,,,,,141.0,156794.0,89.92691046851283,"Champaign, IL",blue
29,0.7890853711463043,0.39454268557315214,0.39454268557315214,0.7890853711463043,0.7890853711463043,,,,,,,0.39454268557315214,0.39454268557315214,,,0.39454268557315214,0.39454268557315214,0.39454268557315214,0.39454268557315214,,0.7890853711463043,0.0,0.0,497.0,253458.0,196.08771472985663,"Chandler, AZ",red
30,0.49118084787637956,0.24559042393818978,0.7367712718145695,0.7367712718145695,1.473542543629139,0.24559042393818978,0.24559042393818978,0.24559042393818978,,1.227952119690949,0.49118084787637956,,0.24559042393818978,,,0.49118084787637956,0.49118084787637956,0.24559042393818978,0.49118084787637956,0.9823616957527591,0.49118084787637956,0.0,0.0,523.0,407182.0,128.44379171967327,"Chattanooga, TN",red
31,0.16136501896845798,0.13831287340153542,0.20746931010230313,0.48409505690537397,0.19594323731884186,0.21899538288576442,0.28815181958653213,0.34578218350383855,0.34578218350383855,0.27662574680307084,0.27662574680307084,0.3918864746376837,0.18441716453538054,0.24204752845268698,0.3918864746376837,0.17289109175191927,0.19594323731884186,0.19594323731884186,0.14983894618499669,0.18441716453538054,0.2305214556692257,0.06915643670076771,42.85714285714286,13135.0,8675982.0,151.39496601076397,"Chicago, IL",blue
32,0.1213405215458297,0.30335130386457426,0.06067026077291485,0.18201078231874457,0.5460323469562337,0.2426810430916594,0.06067026077291485,0.1213405215458297,,0.06067026077291485,0.18201078231874457,0.36402156463748914,0.2426810430916594,0.1213405215458297,0.36402156463748914,0.30335130386457426,0.36402156463748914,0.36402156463748914,0.18201078231874457,0.06067026077291485,0.1213405215458297,0.0,0.0,1292.0,1648254.0,78.38597691860599,"Cincinnati, OH",blue
33,0.5468993541118627,,,,,,,,0.5468993541118627,,,,0.5468993541118627,,,,,,1.6406980623355885,0.5468993541118627,,,,348.0,182849.0,190.32097523092824,"Clarksville, TN",red
34,0.8657034273198688,0.8657034273198688,0.8657034273198688,,0.8657034273198688,,1.7314068546397376,,,0.8657034273198688,0.8657034273198688,,1.7314068546397376,1.7314068546397376,0.8657034273198688,,,0.8657034273198688,0.8657034273198688,1.7314068546397376,0.8657034273198688,0.0,0.0,352.0,115513.0,304.7276064165938,"Clearwater, FL",red
35,0.2889567102394122,0.057791342047882444,0.4045393943351771,0.5201220784309419,0.46233073638305955,0.4045393943351771,0.17337402614364733,0.23116536819152977,0.34674805228729466,0.34674805228729466,0.17337402614364733,0.4045393943351771,0.17337402614364733,0.17337402614364733,0.23116536819152977,0.34674805228729466,0.057791342047882444,0.23116536819152977,0.2889567102394122,0.2889567102394122,0.2889567102394122,0.0,0.0,1678.0,1730363.0,96.97387195634673,"Cleveland, OH",blue
36,1.3899699766485045,,,,,,2.779939953297009,,,,,1.3899699766485045,1.3899699766485045,,2.779939953297009,1.3899699766485045,1.3899699766485045,,,1.3899699766485045,,,,103.0,71944.0,143.16690759479596,"Cleveland, TN",red
37,1.154641079820338,,,,1.154641079820338,,,,,,1.154641079820338,,,,1.154641079820338,,,,1.154641079820338,1.154641079820338,1.154641079820338,0.0,0.0,178.0,86607.0,205.52611220802015,"Clifton, NJ",blue
38,0.4808108393995634,0.16027027979985448,0.16027027979985448,0.9616216787991267,0.6410811191994179,0.6410811191994179,0.16027027979985448,0.16027027979985448,0.16027027979985448,0.32054055959970895,0.16027027979985448,0.6410811191994179,0.4808108393995634,,0.16027027979985448,0.32054055959970895,0.32054055959970895,1.1218919585989813,1.1218919585989813,1.4424325181986903,0.8013513989992724,0.32054055959970906,66.6666666666667,924.0,623946.0,148.08973853506555,"Colorado Springs, CO",red
39,0.17662664306934714,0.3532532861386943,0.7065065722773886,,,,0.3532532861386943,0.17662664306934714,0.17662664306934714,0.17662664306934714,,0.7065065722773886,1.0597598584160828,1.0597598584160828,0.3532532861386943,0.3532532861386943,0.17662664306934714,0.17662664306934714,0.7065065722773886,,0.3532532861386943,0.17662664306934714,100.0,424.0,566166.0,74.88969666140319,"Columbia, SC",blue
40,1.7881730236217654,,,,,1.7881730236217654,,,,1.7881730236217654,1.7881730236217654,1.7881730236217654,,,,,,3.576346047243531,,,5.364519070865297,3.576346047243532,200.00000000000006,120.0,55923.0,214.58076283461187,"Commerce City, CO",blue
41,0.3054507689723109,,0.3054507689723109,0.3054507689723109,,,,,,,0.15272538448615544,0.15272538448615544,,,0.3054507689723109,,0.15272538448615544,0.15272538448615544,,0.15272538448615544,0.15272538448615544,-0.15272538448615544,-50.0,201.0,654770.0,30.697802281717244,"Concord, CA",blue
42,1.1851430467657447,,,1.1851430467657447,,,,2.3702860935314893,1.1851430467657447,2.3702860935314893,1.1851430467657447,1.1851430467657447,1.1851430467657447,2.3702860935314893,1.1851430467657447,1.1851430467657447,3.555429140297234,2.3702860935314893,1.1851430467657447,,,,,162.0,84378.0,191.99317357605062,"Conroe, TX",red
43,0.5958197287828595,0.5958197287828595,1.191639457565719,,0.5958197287828595,1.191639457565719,0.5958197287828595,0.5958197287828595,1.191639457565719,,0.5958197287828595,0.5958197287828595,1.191639457565719,0.5958197287828595,,,,,1.191639457565719,,,,,225.0,167836.0,134.05943897614338,"Corona, CA",blue
44,0.29288151478319446,0.29288151478319446,0.8786445443495834,0.29288151478319446,0.5857630295663889,0.29288151478319446,0.8786445443495834,1.1715260591327779,,0.5857630295663889,,0.8786445443495834,0.5857630295663889,0.8786445443495834,,0.5857630295663889,0.5857630295663889,0.29288151478319446,0.5857630295663889,0.8786445443495834,1.4644075739159723,1.1715260591327779,400.0,625.0,341435.0,183.05094673949654,"Corpus Christi, TX",red
45,0.8785416209092907,,,1.7570832418185813,,,,0.8785416209092907,,,,1.7570832418185813,,,0.8785416209092907,,0.8785416209092907,,,,,,,172.0,113825.0,151.109158796398,"Costa Mesa, CA",blue
46,0.017442086603797247,0.017442086603797247,0.034884173207594495,0.13953669283037798,0.12209460622658072,0.017442086603797247,0.12209460622658072,0.24418921245316144,0.1569787794341752,0.19186295264176972,0.2965154722645532,0.08721043301898623,0.2965154722645532,0.24418921245316144,0.34884173207594493,0.19186295264176972,0.13953669283037798,0.08721043301898623,0.1569787794341752,0.13953669283037798,0.20930503924556698,0.19186295264176972,1100.0,3829.0,5733259.0,66.78574960593966,"Dallas, TX",blue
47,1.8678670825784038,,,,,,,,,,,,,,,,,0.9339335412892019,0.9339335412892019,,0.9339335412892019,-0.9339335412892019,-50.0,133.0,107074.0,124.21316099146384,"Daly City, CA",blue
48,2.1215657154980376,,2.1215657154980376,,,,,,,,4.243131430996075,,2.1215657154980376,,,,2.1215657154980376,,4.243131430996075,,,,,132.0,47135.0,280.04667444574096,"Danville, VA",blue
49,1.05830184885333,1.05830184885333,,1.05830184885333,,,,,2.11660369770666,1.05830184885333,2.11660369770666,,,,1.05830184885333,,1.05830184885333,,1.05830184885333,,1.05830184885333,0.0,0.0,246.0,94491.0,260.3422548179191,"Dearborn, MI",blue
50,1.454566611877991,,1.454566611877991,,2.909133223755982,1.454566611877991,1.454566611877991,,,1.454566611877991,,,,,2.909133223755982,,,1.454566611877991,1.454566611877991,,1.454566611877991,0.0,0.0,213.0,68749.0,309.8226883300121,"Delray Beach, FL",blue
51,0.10763235371148645,0.3587745123716215,0.1435098049486486,0.4305294148459458,0.17938725618581075,0.0717549024743243,0.17938725618581075,0.17938725618581075,0.2152647074229729,0.10763235371148645,0.2152647074229729,0.10763235371148645,0.10763235371148645,0.2152647074229729,0.2152647074229729,0.2152647074229729,0.2152647074229729,0.10763235371148645,0.4305294148459458,0.39465196360878363,0.2870196098972972,0.17938725618581075,166.66666666666666,1799.0,2787266.0,64.5435347756547,"Denver, CO",blue
52,0.28391297953612027,0.14195648976806013,0.2555216815825082,0.19873908567528417,0.1135651918144481,0.19873908567528417,0.4258694693041804,0.2555216815825082,0.36908687339695634,0.2555216815825082,0.28391297953612027,0.14195648976806013,0.14195648976806013,0.19873908567528417,0.36908687339695634,0.36908687339695634,0.1135651918144481,0.34069557544334433,0.28391297953612027,0.17034778772167217,0.2555216815825082,-0.02839129795361206,-10.000000000000012,2855.0,3522206.0,81.05715565756233,"Detroit, MI",blue
53,1.3962580284836636,,,2.7925160569673273,4.188774085450992,1.3962580284836636,,1.3962580284836636,1.3962580284836636,,1.3962580284836636,1.3962580284836636,2.7925160569673273,,2.7925160569673273,,,1.3962580284836636,,1.3962580284836636,1.3962580284836636,0.0,0.0,233.0,71620.0,325.32812063669365,"Dothan, AL",red
54,2.969561989606533,,,2.969561989606533,,2.969561989606533,,,,,,,,,,2.969561989606533,,,2.969561989606533,,,,,122.0,33675.0,362.28656273199704,"Douglasville, GA",blue
55,0.8842358433841474,,1.7684716867682948,,,0.8842358433841474,0.8842358433841474,0.8842358433841474,,,0.8842358433841474,1.7684716867682948,,,,0.8842358433841474,,,,,,,,150.0,113092.0,132.6353765076221,"Downey, CA",blue
56,3.0758820091661287,,,,,,,,,,,,,,3.0758820091661287,,,,,,,,,41.0,32511.0,126.11116237581128,"Eastpointe, MI",red
57,1.9246314330805652,,1.9246314330805652,,,,,,,,,,,,,,,,,1.9246314330805652,,,,72.0,51958.0,138.5734631818007,"Edina, MN",blue
58,0.11824887604443318,,,0.47299550417773273,,,0.3547466281332996,0.591244380222166,0.47299550417773273,0.23649775208886636,0.23649775208886636,0.3547466281332996,0.23649775208886636,0.7094932562665992,0.11824887604443318,0.47299550417773273,0.3547466281332996,0.3547466281332996,0.3547466281332996,0.47299550417773273,1.5372353885776315,1.4189865125331984,1200.0000000000002,1236.0,845674.0,146.15561079091944,"El Paso, TX",blue
59,0.8892366792345451,,,,,,,0.8892366792345451,,,,0.8892366792345451,,,0.8892366792345451,,,,0.8892366792345451,,0.8892366792345451,0.0,0.0,246.0,112456.0,218.75222309169808,"Elgin, IL",blue
60,0.7679606804131628,0.7679606804131628,,,,,,,,0.7679606804131628,1.5359213608263256,1.5359213608263256,,,0.7679606804131628,0.7679606804131628,0.7679606804131628,,,,,,,388.0,130215.0,297.9687440003072,"Elizabeth, NJ",blue
61,2.1185991822207155,2.1185991822207155,,,2.1185991822207155,,2.1185991822207155,,,,,,,,,,,2.1185991822207155,,4.237198364441431,2.1185991822207155,0.0,0.0,98.0,47201.0,207.62271985763013,"Euclid, OH",blue
62,0.4305056288610974,,0.4305056288610974,0.4305056288610974,,,,,0.8610112577221948,0.4305056288610974,,0.8610112577221948,0.4305056288610974,,,,0.4305056288610974,2.152528144305487,0.8610112577221948,1.7220225154443896,1.7220225154443896,1.2915168865832922,300.0,305.0,232285.0,131.3042168026347,"Evansville, IN",red
63,1.9027685282085434,,,,,,1.9027685282085434,1.9027685282085434,,,1.9027685282085434,,,5.708305584625631,1.9027685282085434,,1.9027685282085434,3.8055370564170867,3.8055370564170867,1.9027685282085434,,,,169.0,52555.0,321.5678812672439,"Farmington, NM",red
64,0.3079765937788728,0.3079765937788728,,,,,1.2319063751154913,0.3079765937788728,0.6159531875577456,,0.3079765937788728,0.9239297813366184,0.9239297813366184,0.9239297813366184,2.4638127502309826,,0.3079765937788728,0.6159531875577456,1.2319063751154913,0.9239297813366184,1.539882968894364,1.2319063751154913,400.0,601.0,324700.0,185.09393286110256,"Fayetteville, NC",blue
65,1.271811568398026,,,,,,1.271811568398026,1.271811568398026,,,2.543623136796052,,,,,,3.815434705194078,1.271811568398026,1.271811568398026,3.815434705194078,,,,150.0,78628.0,190.77173525970392,"Flagstaff, AZ",blue
66,0.29819235792625104,1.4909617896312553,,,0.29819235792625104,1.1927694317050042,1.1927694317050042,0.5963847158525021,0.29819235792625104,0.29819235792625104,,0.5963847158525021,0.29819235792625104,0.29819235792625104,1.7891541475575063,,0.29819235792625104,,0.8945770737787532,0.8945770737787532,0.5963847158525021,0.29819235792625104,100.0,117.0,335354.0,34.88850587737138,"Flint, MI",blue
67,1.1106668443733618,0.5553334221866809,,1.6660002665600426,1.1106668443733618,,2.7766671109334045,1.1106668443733618,2.2213336887467237,2.7766671109334045,0.5553334221866809,,0.5553334221866809,2.2213336887467237,1.1106668443733618,1.1106668443733618,,0.5553334221866809,1.1106668443733618,0.5553334221866809,1.6660002665600426,0.5553334221866808,49.999999999999986,662.0,180072.0,367.63072548758277,"Fort Lauderdale, FL",blue
68,1.2508912600227662,,,1.2508912600227662,,2.5017825200455324,1.2508912600227662,1.2508912600227662,1.2508912600227662,2.5017825200455324,1.2508912600227662,1.2508912600227662,2.5017825200455324,2.5017825200455324,,,2.5017825200455324,,1.2508912600227662,,1.2508912600227662,0.0,0.0,238.0,79943.0,297.71211988541836,"Fort Myers, FL",red
69,0.7163108273246793,0.42978649639480765,1.146097323719487,1.0028351582545512,1.2893594891844227,1.0028351582545512,1.0028351582545512,0.42978649639480765,0.5730486618597435,1.5758838201142944,0.7163108273246793,1.4326216546493586,0.8595729927896153,1.2893594891844227,1.4326216546493586,0.8595729927896153,0.42978649639480765,0.5730486618597435,0.5730486618597435,0.7163108273246793,1.4326216546493586,0.7163108273246793,100.0,1013.0,698021.0,145.12457361598004,"Fresno, CA",blue
70,3.320935175345377,1.6604675876726884,1.6604675876726884,,3.320935175345377,3.320935175345377,1.6604675876726884,1.6604675876726884,,,1.6604675876726884,3.320935175345377,,1.6604675876726884,,4.981402763018066,,1.6604675876726884,1.6604675876726884,1.6604675876726884,1.6604675876726884,-1.6604675876726884,-50.0,119.0,60224.0,197.59564293304996,"Gardena, CA",blue
71,1.2604936092974008,,,,,0.840329072864934,0.840329072864934,,,1.2604936092974008,,0.420164536432467,0.840329072864934,0.420164536432467,0.840329072864934,1.2604936092974008,,,0.840329072864934,1.2604936092974008,0.420164536432467,-0.8403290728649339,-66.66666666666666,454.0,238002.0,190.75469954034,"Garland, TX",blue
72,0.4126195565165007,,0.4126195565165007,,,,,0.4126195565165007,,,,,,,0.4126195565165007,0.4126195565165007,0.4126195565165007,,0.4126195565165007,,,,,341.0,242354.0,140.70326877212673,"Gilbert, AZ",red
73,1.8718179095537588,,,1.8718179095537588,1.8718179095537588,,,1.8718179095537588,,,,,,,,,,,1.8718179095537588,3.7436358191075176,1.8718179095537588,0.0,0.0,102.0,53424.0,190.92542677448338,"Grand Island, NE",red
74,0.4517772918662016,,,0.4517772918662016,,,0.4517772918662016,,0.4517772918662016,,,0.4517772918662016,,,0.4517772918662016,0.4517772918662016,0.4517772918662016,0.9035545837324032,1.3553318755986048,,1.3553318755986048,0.9035545837324033,200.00000000000006,207.0,221348.0,93.51789941630375,"Gulfport, MS",red
75,0.7300975410314818,,,,,0.7300975410314818,0.7300975410314818,,,,,,0.7300975410314818,0.7300975410314818,,0.7300975410314818,,,1.4601950820629637,,,,,170.0,136968.0,124.1165819753519,"Harlingen, TX",blue
76,0.22645953168168848,,,0.22645953168168848,0.22645953168168848,0.22645953168168848,0.45291906336337695,0.22645953168168848,,,0.45291906336337695,,0.9058381267267539,0.45291906336337695,0.22645953168168848,,0.22645953168168848,0.45291906336337695,0.9058381267267539,,,,,155.0,441580.0,35.101227410661714,"Harrisburg, PA",blue
77,0.10931936669104489,,,0.21863873338208978,0.10931936669104489,0.10931936669104489,0.10931936669104489,,0.21863873338208978,,,,0.21863873338208978,0.10931936669104489,0.10931936669104489,0.21863873338208978,,,,0.10931936669104489,,,,430.0,914751.0,47.0073276771493,"Hartford, CT",blue
78,0.6230529595015577,1.2461059190031154,1.2461059190031154,,,0.6230529595015577,1.2461059190031154,0.6230529595015577,0.6230529595015577,1.869158878504673,0.6230529595015577,,1.869158878504673,2.492211838006231,1.2461059190031154,0.6230529595015577,0.6230529595015577,0.6230529595015577,0.6230529595015577,,0.6230529595015577,0.0,0.0,310.0,160500.0,193.14641744548288,"Hayward, CA",blue
79,0.5653166904099677,0.5653166904099677,0.5653166904099677,,,,,,2.8265834520498383,,0.5653166904099677,0.5653166904099677,2.8265834520498383,0.5653166904099677,0.5653166904099677,2.8265834520498383,0.5653166904099677,,0.5653166904099677,0.5653166904099677,1.1306333808199354,0.5653166904099677,100.0,92.0,176892.0,52.00913551771702,"Hemet, CA",blue
80,0.2399027913889292,0.2399027913889292,,,0.1199513956944646,,,,,,,0.35985418708339384,,0.1199513956944646,0.1199513956944646,0.35985418708339384,0.1199513956944646,0.1199513956944646,0.35985418708339384,0.8396597698612522,0.1199513956944646,-0.1199513956944646,-50.0,2537.0,833671.0,304.3166908768567,"Honolulu, HI",blue
81,0.12852365973691574,0.16524470537603453,0.3672104563911878,0.1836052281955939,0.1836052281955939,0.45901307048898476,0.25704731947383147,0.4039315020303066,0.38557097921074723,0.4957341161281036,0.4773735933085441,0.3672104563911878,0.5691762074063411,0.5691762074063411,0.6242577758650193,0.6793393443236975,0.38557097921074723,0.25704731947383147,0.4773735933085441,0.4039315020303066,0.5691762074063411,0.4406525476694254,342.8571428571429,6632.0,5446468.0,121.76698733931788,"Houston, TX",blue
82,1.7000442011492298,,,,,,,3.4000884022984597,,1.7000442011492298,,1.7000442011492298,,,,,1.7000442011492298,,,,,,,86.0,58822.0,146.20380129883378,"Huntington Park, CA",blue
83,0.3228764416433119,,0.3228764416433119,,,1.2915057665732477,0.6457528832866238,0.6457528832866238,0.3228764416433119,1.6143822082165598,0.9686293249299359,,,0.9686293249299359,0.6457528832866238,1.9372586498598718,0.6457528832866238,1.6143822082165598,0.9686293249299359,0.3228764416433119,1.2915057665732477,0.9686293249299358,300.0,606.0,309716.0,195.66312363584706,"Huntsville, AL",red
84,1.0251363431336369,,,1.0251363431336369,,,,,1.0251363431336369,,,1.0251363431336369,,1.0251363431336369,,,1.0251363431336369,,4.1005453725345475,1.0251363431336369,2.0502726862672738,1.0251363431336369,100.0,132.0,97548.0,135.31799729364008,"Idaho Falls, ID",red
85,0.8524713143402725,0.8524713143402725,,,0.8524713143402725,1.704942628680545,0.8524713143402725,3.40988525736109,,0.8524713143402725,,1.704942628680545,,1.704942628680545,0.8524713143402725,0.8524713143402725,,0.8524713143402725,0.8524713143402725,0.8524713143402725,,,,257.0,117306.0,219.08512778545,"Independence, MO",red
86,0.19173016663268783,0.19173016663268783,0.31955027772114636,0.12782011108845853,0.38346033326537565,0.5112804443538341,0.31955027772114636,0.19173016663268783,0.25564022217691706,0.12782011108845853,0.31955027772114636,0.25564022217691706,0.25564022217691706,0.7669206665307513,0.4473703888096049,0.8308307220749805,0.38346033326537565,0.19173016663268783,0.25564022217691706,0.6391005554422927,0.4473703888096049,0.25564022217691706,133.33333333333331,1806.0,1564699.0,115.42156031287807,"Indianapolis, IN",blue
87,0.9041754823776199,,0.9041754823776199,0.9041754823776199,1.8083509647552398,1.8083509647552398,0.9041754823776199,1.8083509647552398,4.520877411888099,0.9041754823776199,0.9041754823776199,0.9041754823776199,1.8083509647552398,1.8083509647552398,1.8083509647552398,,1.8083509647552398,,0.9041754823776199,0.9041754823776199,0.9041754823776199,0.0,0.0,219.0,110598.0,198.01443064069875,"Inglewood, CA",blue
88,0.2956961426438192,0.5913922852876384,0.5913922852876384,,1.1827845705752769,1.478480713219096,0.2956961426438192,2.0698729985067343,0.5913922852876384,0.5913922852876384,0.2956961426438192,0.8870884279314576,,0.2956961426438192,0.8870884279314576,0.5913922852876384,0.2956961426438192,1.1827845705752769,0.8870884279314576,0.5913922852876384,0.2956961426438192,0.0,0.0,641.0,338185.0,189.54122743468812,"Jackson, MS",blue
89,0.17296683966233414,,0.43241709915583537,0.2594502594935012,0.2594502594935012,0.43241709915583537,0.2594502594935012,0.9513176181428378,1.1242844578051718,0.8648341983116707,0.6918673586493366,0.43241709915583537,0.6053839388181695,0.5189005189870024,0.7783507784805037,0.43241709915583537,0.43241709915583537,1.0378010379740048,0.6053839388181695,0.6918673586493366,0.8648341983116707,0.6918673586493366,400.0,2947.0,1156291.0,254.86663824244934,"Jacksonville, FL",red
90,0.7386806425044229,,,0.36934032125221145,0.36934032125221145,,0.36934032125221145,0.7386806425044229,0.36934032125221145,1.1080209637566343,0.36934032125221145,0.36934032125221145,,0.36934032125221145,0.7386806425044229,,,,0.36934032125221145,0.7386806425044229,,,,1279.0,270753.0,472.3862708815784,"Jersey City, NJ",blue
91,0.6735730355242419,,,,,0.6735730355242419,,0.6735730355242419,1.3471460710484837,,,,0.6735730355242419,,,0.6735730355242419,,,,2.6942921420969674,1.3471460710484837,0.6735730355242419,100.0,330.0,148462.0,222.27910172299983,"Joliet, IL",blue
92,2.31755081230156,,,1.15877540615078,1.15877540615078,,,1.15877540615078,,2.31755081230156,1.15877540615078,,1.15877540615078,1.15877540615078,,,,1.15877540615078,2.31755081230156,2.31755081230156,1.15877540615078,-1.15877540615078,-50.0,146.0,86298.0,169.18120929801387,"Joplin, MO",red
93,0.4332699315000238,0.618957045000034,0.37137422700002043,0.618957045000034,0.2475828180000136,0.309478522500017,0.4951656360000272,0.4332699315000238,0.7427484540000409,0.4332699315000238,0.309478522500017,0.4951656360000272,0.2475828180000136,0.7427484540000409,0.7427484540000409,0.37137422700002043,0.4332699315000238,0.4332699315000238,1.0522269765000578,0.1237914090000068,0.8046441585000442,0.37137422700002043,85.71428571428572,1875.0,1615621.0,116.05444593750639,"Kansas City, MO",red
94,2.9117167481947357,,2.9117167481947357,,,,,2.9117167481947357,2.9117167481947357,,5.823433496389471,,,,,,,2.9117167481947357,,,,,,75.0,34344.0,218.37875611460518,"Kennesaw, GA",blue
95,0.7784645565087422,,0.7784645565087422,2.3353936695262263,0.7784645565087422,0.7784645565087422,,,,,0.7784645565087422,0.7784645565087422,,,0.7784645565087422,,0.7784645565087422,1.5569291130174845,1.5569291130174845,2.3353936695262263,0.7784645565087422,0.0,0.0,188.0,128458.0,146.35133662364353,"Kent, WA",blue
96,0.40405836218983465,,,,,,,,,,,,0.40405836218983465,0.40405836218983465,0.8081167243796693,,1.212175086569504,0.8081167243796693,,0.40405836218983465,1.212175086569504,0.8081167243796694,200.00000000000006,353.0,247489.0,142.63260185301166,"Killeen, TX",red
97,1.600870873755323,3.201741747510646,,,,1.600870873755323,,1.600870873755323,1.600870873755323,3.201741747510646,,,,,,,,,,1.600870873755323,,,,99.0,62466.0,158.48621650177697,"La Habra, CA",blue
98,2.827174804218145,2.827174804218145,,,,,,,,,,,,,,,,2.827174804218145,,,,,,106.0,35371.0,299.68052924712333,"La Porte, TX",blue
99,1.9360084668103614,,,,,0.6453361556034538,0.6453361556034538,0.6453361556034538,,0.6453361556034538,0.6453361556034538,0.6453361556034538,0.6453361556034538,,,,1.2906723112069076,,0.6453361556034538,3.2266807780172693,1.2906723112069076,-0.6453361556034538,-33.33333333333333,417.0,154958.0,269.10517688664027,"Lakewood, CO",blue
100,3.86010962711341,,,3.86010962711341,3.86010962711341,,,,3.86010962711341,,,,,,,,,,,7.72021925422682,3.86010962711341,0.0,0.0,85.0,25906.0,328.1093183046398,"Laurel, MD",blue
101,1.3039339687838207,,,,,,,,,1.3039339687838207,,,,,,,,,1.3039339687838207,1.3039339687838207,2.6078679375676415,1.3039339687838207,100.0,107.0,76691.0,139.52093465986883,"Layton, UT",red
102,2.938842683751139,,,,,,,,2.938842683751139,,2.938842683751139,,,,,,,,,,,,,93.0,34027.0,273.3123695888559,"Lebanon, TN",red
103,1.4327058081893462,,,,,,,,1.4327058081893462,,,,1.4327058081893462,,1.4327058081893462,,,1.4327058081893462,,,,,,102.0,69798.0,146.13599243531334,"Lima, OH",red
104,0.45177423034612685,0.22588711517306342,1.129435575865317,0.6776613455191903,0.22588711517306342,0.22588711517306342,0.9035484606922537,0.6776613455191903,0.45177423034612685,0.22588711517306342,0.9035484606922537,0.22588711517306342,1.129435575865317,0.6776613455191903,0.6776613455191903,0.22588711517306342,0.9035484606922537,1.129435575865317,,0.6776613455191903,1.581209806211444,1.1294355758653172,250.0,639.0,442699.0,144.34186659558753,"Little Rock, AR",blue
105,0.8520609223559485,0.8520609223559485,1.2780913835339227,1.0650761529449357,0.8520609223559485,1.0650761529449357,0.4260304611779743,0.21301523058898714,0.8520609223559485,0.8520609223559485,1.0650761529449357,0.6390456917669614,0.6390456917669614,1.917137075300884,1.0650761529449357,1.2780913835339227,1.2780913835339227,0.8520609223559485,0.6390456917669614,0.6390456917669614,1.2780913835339227,0.42603046117797416,49.999999999999986,1173.0,469450.0,249.8668654808819,"Long Beach, CA",blue
106,1.0060564598885289,,1.0060564598885289,,,1.0060564598885289,1.0060564598885289,,,1.0060564598885289,,,,2.0121129197770578,,,1.0060564598885289,,2.0121129197770578,1.0060564598885289,1.0060564598885289,0.0,0.0,204.0,99398.0,205.2355178172599,"Longmont, CO",blue
107,0.12484905943790611,0.12484905943790611,0.13265212565277526,0.14825825808251353,0.14825825808251353,0.14825825808251353,0.08583372836356046,0.16386439051225177,0.20287972158659745,0.13265212565277526,0.17947052294199003,0.24189505266094313,0.15606132429738265,0.17947052294199003,0.2106827878014666,0.17166745672712092,0.16386439051225177,0.12484905943790611,0.12484905943790611,0.15606132429738265,0.07022759593382219,-0.05462146350408392,-43.75,12692.0,12815475.0,99.03651639911904,"Los Angeles, CA",blue
108,0.7618902497095293,0.7618902497095293,,0.38094512485476467,,1.5237804994190587,0.38094512485476467,0.38094512485476467,0.7618902497095293,0.38094512485476467,0.38094512485476467,0.7618902497095293,0.7618902497095293,0.7618902497095293,1.5237804994190587,0.38094512485476467,0.7618902497095293,,0.38094512485476467,,2.2856707491285877,1.5237804994190585,199.99999999999997,526.0,262505.0,200.37713567360623,"Lubbock, TX",red
109,1.0128018149408524,,,,,,,,,,,2.025603629881705,,,,,1.0128018149408524,,,1.0128018149408524,,,,86.0,98736.0,87.1009560849133,"Manteca, CA",blue
110,3.8822889975929806,,3.8822889975929806,,,,,,,,,,,,,,,,,,,,,24.0,25758.0,93.17493594223154,"Maple Valley, WA",blue
111,1.6380553007469532,8.190276503734765,,3.2761106014939063,1.6380553007469532,3.2761106014939063,3.2761106014939063,,4.9141659022408595,,,6.552221202987813,1.6380553007469532,1.6380553007469532,,,1.6380553007469532,6.552221202987813,1.6380553007469532,,,,,175.0,61048.0,286.6596776307168,"Marietta, GA",blue
112,2.5380710659898478,,,,,,,,,,,2.5380710659898478,2.5380710659898478,2.5380710659898478,,,,,,,,,,57.0,39400.0,144.67005076142132,"Marion, IA",blue
113,0.2806694527787679,0.3742259370383572,0.5613389055575358,0.3742259370383572,0.6548953898171251,0.2806694527787679,0.3742259370383572,0.5613389055575358,0.5613389055575358,0.46778242129794656,0.2806694527787679,0.46778242129794656,1.0291213268554824,1.216234295374661,0.0935564842595893,0.3742259370383572,0.46778242129794656,,0.5613389055575358,0.7484518740767144,,,,2385.0,1068873.0,223.1322149591205,"Memphis, TN",blue
114,0.693880666402992,0.693880666402992,0.693880666402992,0.693880666402992,,,1.387761332805984,,1.387761332805984,,,0.693880666402992,0.693880666402992,0.693880666402992,0.693880666402992,0.693880666402992,,,,0.693880666402992,,,,125.0,144117.0,86.735083300374,"Merced, CA",blue
115,2.611375150154071,,,,,,7.834125450462213,,,,,,,,2.611375150154071,2.611375150154071,,5.222750300308142,2.611375150154071,,,,,102.0,38294.0,266.36026531571525,"Meridian, MS",red
116,0.20145003736898193,0.8058001494759277,0.20145003736898193,0.20145003736898193,1.4101502615828736,0.6043501121069459,0.8058001494759277,0.8058001494759277,1.2087002242138918,0.40290007473796385,0.6043501121069459,0.40290007473796385,0.6043501121069459,0.40290007473796385,0.20145003736898193,0.8058001494759277,0.8058001494759277,0.8058001494759277,1.6116002989518554,0.6043501121069459,0.8058001494759277,0.6043501121069458,300.0,1221.0,496401.0,245.97049562752696,"Mesa, AZ",red
117,0.06267661093775805,0.09401491640663708,0.06267661093775805,0.04700745820331854,0.03133830546887902,0.09401491640663708,0.04700745820331854,0.04700745820331854,0.04700745820331854,0.15669152734439515,0.10968406914107658,0.18802983281327415,0.18802983281327415,0.2507064437510322,0.10968406914107658,0.1253532218755161,0.07834576367219757,0.14102237460995562,0.1253532218755161,0.07834576367219757,0.10968406914107658,0.04700745820331853,75.0,1559.0,6381966.0,24.4282091129912,"Miami, FL",blue
118,1.744957074055978,,,1.744957074055978,,1.744957074055978,,,,,,,1.744957074055978,1.744957074055978,,1.744957074055978,,,,,,,,125.0,57308.0,218.11963425699727,"Midwest City, OK",red
119,0.14515810620928316,0.2903162124185663,0.6532114779417741,0.21773715931392473,0.14515810620928316,0.3628952655232079,0.43547431862784947,0.43547431862784947,0.14515810620928316,0.2903162124185663,0.508053371732491,0.2903162124185663,0.14515810620928316,0.43547431862784947,0.14515810620928316,0.21773715931392473,0.3628952655232079,0.508053371732491,0.6532114779417741,0.6532114779417741,1.0886857965696237,0.9435276903603406,650.0,2328.0,1377808.0,168.96403562760557,"Milwaukee, WI",blue
120,0.20500506191665382,0.13667004127776922,0.10250253095832691,0.1708375515972115,0.13667004127776922,0.1708375515972115,0.13667004127776922,,0.1708375515972115,0.034167510319442304,0.13667004127776922,0.034167510319442304,0.034167510319442304,0.13667004127776922,0.034167510319442304,0.034167510319442304,0.10250253095832691,0.034167510319442304,0.13667004127776922,0.10250253095832691,0.1708375515972115,-0.03416751031944232,-16.666666666666675,1018.0,2926757.0,34.78252550519227,"Minneapolis, MN",blue
121,1.3109664969402042,0.5243865987760817,0.7865798981641225,1.573159796328245,0.5243865987760817,1.0487731975521635,0.5243865987760817,0.7865798981641225,,0.5243865987760817,0.7865798981641225,0.5243865987760817,1.0487731975521635,0.5243865987760817,1.0487731975521635,1.0487731975521635,0.7865798981641225,0.5243865987760817,0.5243865987760817,2.097546395104327,0.7865798981641225,-0.5243865987760816,-40.0,300.0,381398.0,78.65798981641225,"Modesto, CA",blue
122,0.8660858117822314,,0.8660858117822314,,0.8660858117822314,,,,,,0.8660858117822314,,0.8660858117822314,,0.8660858117822314,,0.8660858117822314,,0.8660858117822314,,2.598257435346694,1.7321716235644626,199.99999999999997,180.0,115462.0,155.89544612080164,"Monroe, LA",red
123,2.6982542295135046,,,,,,,,,,2.6982542295135046,2.6982542295135046,,,,,,,,,,,,82.0,37061.0,221.2568468201074,"Monrovia, CA",blue
124,1.5824787947841499,,,,1.5824787947841499,,,,,,1.5824787947841499,1.5824787947841499,,1.5824787947841499,,,,4.74743638435245,,1.5824787947841499,,,,99.0,63192.0,156.66540068363085,"Montebello, CA",blue
125,0.7815308626537661,,,0.7815308626537661,,1.1722962939806494,1.1722962939806494,1.1722962939806494,1.5630617253075323,0.7815308626537661,0.3907654313268831,,,0.3907654313268831,0.3907654313268831,,0.3907654313268831,,1.1722962939806494,0.3907654313268831,0.7815308626537661,0.0,0.0,614.0,255908.0,239.92997483470623,"Montgomery, AL",blue
126,2.455855988604828,,,,,,,,,,,,,,,,,,,,,,,129.0,81438.0,158.40271126501142,"Mountain View, CA",blue
127,2.4637823987385437,,,,,2.4637823987385437,,,2.4637823987385437,,2.4637823987385437,,,,,2.4637823987385437,,,2.4637823987385437,4.927564797477087,2.4637823987385437,0.0,0.0,111.0,40588.0,273.47984625997833,"Muskogee, OK",red
128,1.6296465296677152,1.6296465296677152,,,,,,3.2592930593354303,,,,,,,,,,3.2592930593354303,,1.6296465296677152,,,,120.0,61363.0,195.5575835601258,"National City, CA",blue
129,0.19434022949637703,0.2915103442445655,0.09717011474818851,0.2915103442445655,0.7773609179855081,1.166041376978262,0.38868045899275405,,0.09717011474818851,0.2915103442445655,0.2915103442445655,0.48585057374094254,0.38868045899275405,0.19434022949637703,0.19434022949637703,0.583020688489131,0.19434022949637703,0.48585057374094254,,0.583020688489131,0.19434022949637703,0.0,0.0,1403.0,1029123.0,136.32967099170847,"New Orleans, LA",blue
130,1.225975979043984,1.634634638725312,0.408658659681328,0.408658659681328,0.408658659681328,0.817317319362656,1.634634638725312,1.225975979043984,0.408658659681328,0.817317319362656,1.225975979043984,1.225975979043984,,0.408658659681328,1.225975979043984,,2.451951958087968,0.817317319362656,,0.408658659681328,,,,811.0,244703.0,331.422173001557,"Norfolk, VA",blue
131,1.804060941178593,0.9020304705892965,,0.9020304705892965,3.608121882357186,,0.9020304705892965,0.9020304705892965,0.9020304705892965,,,1.804060941178593,,,,2.70609141176789,1.804060941178593,0.9020304705892965,0.9020304705892965,0.9020304705892965,,,,394.0,110861.0,355.40000541218285,"North Charleston, SC",blue
132,0.8231299516411154,,0.8231299516411154,0.4115649758205577,0.4115649758205577,,0.4115649758205577,0.4115649758205577,,0.4115649758205577,,0.4115649758205577,0.4115649758205577,,1.234694927461673,0.8231299516411154,0.4115649758205577,,0.4115649758205577,0.4115649758205577,2.0578248791027884,1.234694927461673,150.0,414.0,242975.0,170.38789998971086,"North Las Vegas, NV",blue
133,2.75072894316994,,,,,,,,,,,,2.75072894316994,,,,,,,,,,,78.0,36354.0,214.55685756725532,"Oak Creek, WI",blue
134,2.2204951704230043,,,,2.2204951704230043,,,,,,2.2204951704230043,2.2204951704230043,,,,2.2204951704230043,,,,,,,,96.0,45035.0,213.1675363606084,"Oakland Park, FL",blue
135,0.9407448347228919,0.7055586260421689,1.1759310434036148,1.6463034607650608,0.7055586260421689,0.47037241736144597,2.116675878126507,1.6463034607650608,1.8814896694457839,1.8814896694457839,1.8814896694457839,2.5870482954879526,0.7055586260421689,1.6463034607650608,1.6463034607650608,1.8814896694457839,,0.47037241736144597,0.47037241736144597,0.23518620868072299,0.9407448347228919,0.0,0.0,1046.0,425195.0,246.00477428003623,"Oakland, CA",blue
136,0.8368218343553019,0.41841091717765094,0.3138081878832382,0.5230136464720637,0.7322191050608893,0.7322191050608893,0.20920545858882547,0.41841091717765094,0.3138081878832382,0.3138081878832382,1.4644382101217785,1.3598354808273658,1.0460272929441274,1.5690409394161913,1.1506300222385402,1.0460272929441274,0.7322191050608893,1.0460272929441274,0.8368218343553019,1.1506300222385402,1.1506300222385402,0.3138081878832383,37.50000000000001,1381.0,955998.0,144.45636915558399,"Oklahoma City, OK",red
137,0.4832166767739488,0.2416083383869744,0.6040208459674361,0.3624125075804616,0.8456291843544105,0.2416083383869744,0.2416083383869744,0.2416083383869744,0.6040208459674361,,1.2080416919348722,0.3624125075804616,0.1208041691934872,0.3624125075804616,0.7248250151609232,0.7248250151609232,1.0872375227413849,0.2416083383869744,0.3624125075804616,0.4832166767739488,0.2416083383869744,-0.2416083383869744,-50.0,926.0,827786.0,111.86466067316917,"Omaha, NE",blue
138,0.5686955829414072,1.1373911658828144,1.706086748824222,0.5686955829414072,,1.706086748824222,0.5686955829414072,1.1373911658828144,0.5686955829414072,1.706086748824222,2.274782331765629,,0.5686955829414072,0.5686955829414072,0.5686955829414072,1.706086748824222,,1.1373911658828144,0.5686955829414072,1.1373911658828144,0.5686955829414072,0.0,0.0,339.0,175841.0,192.78780261713706,"Ontario, CA",blue
139,0.16883896758348102,0.16883896758348102,0.056279655861160335,0.11255931172232067,0.33767793516696204,0.3939575910281224,0.22511862344464134,0.16883896758348102,0.2813982793058017,0.16883896758348102,0.506516902750443,0.3939575910281224,0.056279655861160335,0.506516902750443,0.3939575910281224,0.2813982793058017,0.33767793516696204,0.11255931172232067,0.5627965586116034,0.22511862344464134,0.3939575910281224,0.22511862344464137,133.33333333333334,915.0,1776841.0,51.495885112961716,"Orlando, FL",blue
140,1.366624301313326,1.366624301313326,,,2.733248602626652,1.366624301313326,,1.366624301313326,,,,,,,,1.366624301313326,2.733248602626652,,1.366624301313326,,1.366624301313326,0.0,0.0,136.0,73173.0,185.86090497861233,"Owensboro, KY",red
141,2.0771883178929,,,,2.0771883178929,2.0771883178929,2.0771883178929,,2.0771883178929,,,2.0771883178929,4.1543766357858,,,,2.0771883178929,,,,,,,127.0,48142.0,263.80291637239833,"Palm Springs, CA",blue
142,1.3027618551328817,,0.6513809275664408,,,1.3027618551328817,0.6513809275664408,0.6513809275664408,0.6513809275664408,1.3027618551328817,1.9541427826993225,,0.6513809275664408,0.6513809275664408,0.6513809275664408,0.6513809275664408,,,1.3027618551328817,,,,,345.0,153520.0,224.72642001042212,"Pasadena, TX",blue
143,0.29036004645760743,0.29036004645760743,,0.29036004645760743,0.29036004645760743,0.5807200929152149,,0.29036004645760743,,0.5807200929152149,0.29036004645760743,0.29036004645760743,0.29036004645760743,0.8710801393728222,0.5807200929152149,,0.29036004645760743,0.29036004645760743,0.29036004645760743,0.8710801393728222,0.5807200929152149,0.29036004645760743,100.0,200.0,344400.0,58.07200929152149,"Pensacola, FL",red
144,0.5945974872310189,0.5945974872310189,,0.5945974872310189,,0.5945974872310189,,0.5945974872310189,,,0.5945974872310189,,,0.5945974872310189,,0.5945974872310189,,,0.5945974872310189,,,,,275.0,168181.0,163.51430898853022,"Peoria, AZ",red
145,0.19510866133464258,0.08868575515211026,0.08868575515211026,0.15963435927379846,0.2128458123650646,0.17737151030422052,0.35474302060844104,0.39021732266928516,0.2128458123650646,0.3192687185475969,0.2483201144259087,0.2483201144259087,0.4079544736997072,0.2128458123650646,0.08868575515211026,0.08868575515211026,0.15963435927379846,0.14189720824337643,0.1064229061825323,0.08868575515211026,0.14189720824337643,-0.05321145309126615,-27.27272727272727,7995.0,5637884.0,141.8085224882243,"Philadelphia, PA",blue
146,0.12249350723164919,0.2694857159096282,0.14699220867797902,0.17149091012430887,0.34298182024861773,0.1959896115706387,0.22048831301696856,0.14699220867797902,0.07349610433898951,0.17149091012430887,0.29398441735595804,0.2694857159096282,0.22048831301696856,0.612467536158246,0.48997402892659675,0.24498701446329837,0.4409766260339371,0.46547532748026693,0.6369662376045757,0.31848311880228786,0.46547532748026693,0.34298182024861773,280.0,3706.0,4081849.0,90.79218756009837,"Phoenix, AZ",red
147,1.3861742975561746,,1.3861742975561746,1.3861742975561746,,,2.772348595112349,,1.3861742975561746,,2.772348595112349,2.772348595112349,,,,,2.772348595112349,,2.772348595112349,,1.3861742975561746,0.0,0.0,96.0,72141.0,133.07273256539278,"Pittsburg, CA",blue
148,0.1165978836318142,0.1165978836318142,0.2331957672636284,0.0582989418159071,0.0582989418159071,0.2331957672636284,0.29149470907953545,0.29149470907953545,0.1748968254477213,0.40809259271134973,0.5246904763431639,0.0582989418159071,0.1165978836318142,0.1165978836318142,0.1165978836318142,0.1165978836318142,0.0582989418159071,,0.1748968254477213,0.1748968254477213,0.1165978836318142,0.0,0.0,976.0,1715297.0,56.89976721232534,"Pittsburgh, PA",blue
149,2.4094353488260025,,,,,,,,,,1.2047176744130013,,,,,1.2047176744130013,,1.2047176744130013,1.2047176744130013,,,,,110.0,83007.0,132.51894418543014,"Pleasanton, CA",blue
150,1.2755915555839021,,,,,,,,,,,,,,,1.2755915555839021,,,,,,,,88.0,78395.0,112.25205689138338,"Plymouth, MN",blue
151,0.19485618639163366,0.24357023298954206,0.09742809319581683,0.14614213979372526,0.19485618639163366,0.14614213979372526,0.3409983261853589,0.048714046597908414,0.09742809319581683,,0.2922842795874505,0.09742809319581683,0.24357023298954206,0.09742809319581683,0.09742809319581683,0.14614213979372526,0.048714046597908414,0.14614213979372526,0.2922842795874505,0.2922842795874505,0.048714046597908414,-0.14614213979372526,-75.00000000000001,1150.0,2052796.0,56.021153587594675,"Portland, OR",blue
152,1.0573954235926066,1.0573954235926066,,,,1.0573954235926066,1.0573954235926066,1.0573954235926066,1.0573954235926066,1.0573954235926066,1.0573954235926066,1.0573954235926066,,,,2.1147908471852133,1.0573954235926066,,1.0573954235926066,1.0573954235926066,,,,312.0,94572.0,329.90737216089326,"Portsmouth, VA",blue
153,0.08287462229890886,0.16574924459781773,0.08287462229890886,,,0.08287462229890886,,,0.08287462229890886,,,,,,0.08287462229890886,0.08287462229890886,,0.08287462229890886,0.08287462229890886,,,,,511.0,1206642.0,42.348931994742436,"Providence, RI",blue
154,0.8314625426124552,,0.8314625426124552,0.8314625426124552,2.494387627837366,0.8314625426124552,,,,0.8314625426124552,,2.494387627837366,1.6629250852249104,0.8314625426124552,3.325850170449821,,2.494387627837366,1.6629250852249104,0.8314625426124552,3.325850170449821,1.6629250852249104,0.8314625426124552,100.0,131.0,120270.0,108.92159308223165,"Redding, CA",red
155,1.1536021226279056,,1.1536021226279056,,,2.3072042452558112,,,1.1536021226279056,,,,,,,,,2.3072042452558112,2.3072042452558112,,,,,116.0,86685.0,133.81784622483707,"Redwood City, CA",blue
156,0.2308024308112013,0.6924072924336039,0.2308024308112013,,0.2308024308112013,0.2308024308112013,0.6924072924336039,0.2308024308112013,0.4616048616224026,0.2308024308112013,0.4616048616224026,0.4616048616224026,0.4616048616224026,0.6924072924336039,0.9232097232448052,0.4616048616224026,1.1540121540560064,0.6924072924336039,0.4616048616224026,0.2308024308112013,0.2308024308112013,0.0,0.0,375.0,433271.0,86.55091155420048,"Reno, NV",blue
157,0.9656051447442112,,,1.9312102894884224,,1.9312102894884224,1.9312102894884224,0.9656051447442112,,0.9656051447442112,,0.9656051447442112,0.9656051447442112,,,1.9312102894884224,,0.9656051447442112,,,1.9312102894884224,0.9656051447442112,100.0,142.0,103562.0,137.115930553678,"Rialto, CA",blue
158,1.817520901490367,1.817520901490367,0.9087604507451835,0.9087604507451835,,,0.9087604507451835,1.817520901490367,1.817520901490367,1.817520901490367,1.817520901490367,,,,0.9087604507451835,0.9087604507451835,,1.817520901490367,1.817520901490367,0.9087604507451835,1.817520901490367,0.0,0.0,242.0,110040.0,219.92002908033442,"Richmond, CA",blue
159,0.188695800669304,0.377391601338608,0.47173950167326,0.094347900334652,0.377391601338608,0.283043701003956,0.566087402007912,,0.094347900334652,0.188695800669304,0.377391601338608,0.188695800669304,0.094347900334652,0.283043701003956,,0.283043701003956,0.283043701003956,0.849131103011868,0.188695800669304,0.094347900334652,0.188695800669304,0.0,0.0,802.0,1059907.0,75.66701606839091,"Richmond, VA",blue
160,1.0399442589877181,,,,,,,,,1.0399442589877181,,,,,,,1.0399442589877181,,,1.0399442589877181,,,,233.0,96159.0,242.30701234413837,"Rio Rancho, NM",blue
161,0.04796740518882609,0.04796740518882609,0.09593481037765218,0.14390221556647828,0.04796740518882609,0.09593481037765218,0.14390221556647828,,0.14390221556647828,0.09593481037765218,0.04796740518882609,0.19186962075530437,0.23983702594413045,0.33577183632178265,0.09593481037765218,0.04796740518882609,,0.04796740518882609,0.28780443113295656,0.14390221556647828,0.04796740518882609,0.0,0.0,503.0,2084749.0,24.127604809979523,"Riverside, CA",blue
162,0.925167802310144,0.462583901155072,1.387751703465216,,,,0.462583901155072,1.387751703465216,,0.925167802310144,0.462583901155072,0.462583901155072,,,0.462583901155072,0.462583901155072,,0.925167802310144,,0.925167802310144,0.462583901155072,-0.462583901155072,-50.0,292.0,216177.0,135.07449913728104,"Roanoke, VA",red
163,1.5053439710973957,,1.5053439710973957,,,1.5053439710973957,,1.5053439710973957,,1.5053439710973957,1.5053439710973957,1.5053439710973957,,1.5053439710973957,,,,,,,,,,139.0,66430.0,209.242811982538,"Rogers, AR",red
164,2.3343760212895095,,,,,2.3343760212895095,,2.3343760212895095,4.668752042579019,,,,,,,,,2.3343760212895095,,,,,,85.0,42838.0,198.42196180960826,"Rohnert Park, CA",blue
165,0.2695856683945311,0.4313370694312497,0.16175140103671864,0.10783426735781243,0.2695856683945311,0.21566853471562486,0.21566853471562486,,0.21566853471562486,0.16175140103671864,0.16175140103671864,0.21566853471562486,0.2695856683945311,0.21566853471562486,0.21566853471562486,0.2695856683945311,0.2695856683945311,0.10783426735781243,0.2695856683945311,,0.3235028020734373,0.053917133678906215,20.0,954.0,1854698.0,51.436945529676535,"Sacramento, CA",blue
166,0.8379701012267883,2.5139103036803645,,0.8379701012267883,,,,,0.8379701012267883,,,0.8379701012267883,3.351880404907153,,,0.8379701012267883,,1.6759402024535766,1.6759402024535766,,0.8379701012267883,0.0,0.0,61.0,119336.0,51.11617617483408,"Saginaw, MI",red
167,0.5165556072111163,,,,1.0331112144222325,0.5165556072111163,1.0331112144222325,,0.5165556072111163,0.5165556072111163,1.0331112144222325,,0.5165556072111163,0.5165556072111163,3.099333643266698,,,0.5165556072111163,,0.5165556072111163,,,,191.0,193590.0,98.6621209773232,"Salinas, CA",blue
168,0.27312454479242537,0.1820830298616169,,0.1820830298616169,0.09104151493080845,,0.1820830298616169,0.3641660597232338,0.3641660597232338,0.09104151493080845,0.1820830298616169,0.27312454479242537,0.1820830298616169,0.1820830298616169,0.5462490895848507,0.1820830298616169,0.09104151493080845,0.3641660597232338,0.5462490895848507,0.27312454479242537,0.5462490895848507,0.27312454479242537,100.0,542.0,1098400.0,49.34450109249818,"Salt Lake City, UT",blue
169,0.0998736598203273,0.14981048973049094,,0.0998736598203273,,0.7989892785626184,0.7490524486524546,0.7490524486524546,0.8489261084727819,0.5992419589219637,0.5992419589219637,0.04993682991016365,0.6491787888321273,0.9987365982032729,0.6491787888321273,0.8489261084727819,0.8489261084727819,0.3994946392813092,0.9487997682931093,0.9987365982032729,0.8489261084727819,0.7490524486524547,750.0,2819.0,2002530.0,140.77192351675131,"San Antonio, TX",blue
170,0.460840111523307,1.382520334569921,0.460840111523307,1.843360446093228,1.382520334569921,1.382520334569921,1.843360446093228,3.2258807806631493,1.382520334569921,4.147561003709763,2.304200557616535,2.765040669139842,3.2258807806631493,0.921680223046614,1.843360446093228,1.843360446093228,2.765040669139842,,,1.382520334569921,4.60840111523307,4.147561003709763,900.0,360.0,216995.0,165.90244014839053,"San Bernardino, CA",blue
171,0.3426456103670856,0.3426456103670856,0.18689760565477395,0.1245984037698493,0.09344880282738698,0.2803464084821609,0.09344880282738698,0.2803464084821609,0.15574800471231162,0.2491968075396986,0.18689760565477395,0.21804720659723628,0.1245984037698493,0.21804720659723628,0.15574800471231162,0.2491968075396986,0.1245984037698493,0.1245984037698493,0.09344880282738698,0.2491968075396986,0.3737952113095479,0.03114960094246233,9.090909090909092,2522.0,3210314.0,78.55929357688998,"San Diego, CA",blue
172,0.0832463640069361,0.11099515200924813,0.1664927280138722,0.0832463640069361,0.1664927280138722,0.0832463640069361,0.1664927280138722,0.22199030401849626,0.0832463640069361,0.027748788002312032,0.0832463640069361,0.11099515200924813,0.0832463640069361,0.11099515200924813,0.22199030401849626,0.2774878800231203,0.1942415160161842,0.1942415160161842,0.0832463640069361,0.055497576004624065,0.11099515200924813,0.027748788002312036,33.333333333333336,2892.0,3603761.0,80.2494949026864,"San Francisco, CA",blue
173,0.27443892334317105,0.10977556933726841,,0.10977556933726841,0.32932670801180525,0.27443892334317105,0.21955113867453682,0.16466335400590262,0.21955113867453682,0.27443892334317105,0.32932670801180525,0.27443892334317105,0.10977556933726841,0.38421449268043945,0.10977556933726841,0.43910227734907364,0.10977556933726841,0.21955113867453682,0.21955113867453682,0.32932670801180525,0.054887784668634206,-0.21955113867453685,-80.0,1352.0,1821899.0,74.20828487199346,"San Jose, CA",blue
174,0.29927933536045204,0.29927933536045204,0.5985586707209041,0.8978380060813561,0.5985586707209041,0.5985586707209041,0.8978380060813561,0.29927933536045204,0.29927933536045204,0.5985586707209041,1.1971173414418081,0.5985586707209041,0.29927933536045204,2.094955347523164,,0.5985586707209041,1.1971173414418081,0.8978380060813561,1.49639667680226,,0.5985586707209041,0.29927933536045204,100.0,523.0,334136.0,156.5230923935164,"Santa Ana, CA",blue
175,0.9084467377677646,,,1.8168934755355293,,,1.8168934755355293,1.8168934755355293,1.8168934755355293,0.9084467377677646,1.8168934755355293,1.8168934755355293,,0.9084467377677646,,0.9084467377677646,1.8168934755355293,1.8168934755355293,,0.9084467377677646,0.9084467377677646,0.0,0.0,213.0,110078.0,193.49915514453386,"Santa Fe, NM",blue
176,0.9319432881444387,0.3106477627148129,0.6212955254296259,0.6212955254296259,,0.3106477627148129,,0.6212955254296259,0.6212955254296259,,0.6212955254296259,,,0.6212955254296259,0.3106477627148129,0.3106477627148129,0.3106477627148129,0.3106477627148129,,,0.3106477627148129,-0.6212955254296257,-66.66666666666666,251.0,321908.0,77.97258844141804,"Santa Rosa, CA",blue
177,0.1415939227888339,,0.1415939227888339,0.1415939227888339,0.1415939227888339,0.1415939227888339,,0.2831878455776678,0.1415939227888339,,0.2831878455776678,,0.1415939227888339,,0.2831878455776678,0.1415939227888339,0.1415939227888339,,0.1415939227888339,,0.1415939227888339,0.0,0.0,209.0,706245.0,29.593129862866284,"Sarasota, FL",red
178,0.1097765635270112,0.16466484529051684,0.1097765635270112,0.0548882817635056,0.16466484529051684,0.08233242264525842,0.08233242264525842,0.0548882817635056,,0.1097765635270112,0.1097765635270112,0.0548882817635056,0.0548882817635056,0.16466484529051684,0.2195531270540224,0.0548882817635056,0.137220704408764,0.08233242264525842,0.08233242264525842,0.16466484529051684,0.16466484529051684,0.05488828176350563,50.00000000000002,1946.0,3643765.0,53.40629815589095,"Seattle, WA",blue
179,0.34790837485039944,0.34790837485039944,,1.3916334994015978,,0.6958167497007989,,0.6958167497007989,0.34790837485039944,0.6958167497007989,0.6958167497007989,0.34790837485039944,1.3916334994015978,1.0437251245511983,2.0874502491023965,1.739541874251997,,,1.739541874251997,1.0437251245511983,2.0874502491023965,1.739541874251997,499.9999999999999,711.0,287432.0,247.36285451863398,"Shreveport, LA",blue
180,0.9409196548706705,,,,,,0.9409196548706705,,1.881839309741341,,,,,,1.881839309741341,,1.881839309741341,,,,,,,150.0,106279.0,141.13794823060059,"Sioux City, IA",red
181,1.2291052114060963,,,,,,,2.4582104228121926,,,2.4582104228121926,,,,,,,,,,,,,142.0,81360.0,174.5329400196657,"Somerville, MA",blue
182,6.876633200385091,,,,,,,,,,,,,,,,,,,,,,,40.0,29084.0,137.53266400770184,"Southgate, MI",blue
183,1.0917984103415146,0.5458992051707573,,,1.0917984103415146,0.5458992051707573,0.5458992051707573,,0.5458992051707573,0.5458992051707573,0.5458992051707573,0.5458992051707573,0.5458992051707573,0.5458992051707573,,1.0917984103415146,,,3.2753952310245436,0.5458992051707573,0.5458992051707573,-0.5458992051707573,-50.0,138.0,183184.0,75.3340903135645,"Spartanburg, SC",red
184,0.24811248427587132,0.24811248427587132,0.49622496855174264,0.49622496855174264,,,0.7443374528276139,0.49622496855174264,0.24811248427587132,0.49622496855174264,0.9924499371034853,0.7443374528276139,,1.2405624213793565,0.49622496855174264,0.49622496855174264,0.24811248427587132,1.4886749056552278,0.24811248427587132,0.7443374528276139,0.49622496855174264,0.24811248427587132,100.0,400.0,403043.0,99.24499371034851,"Spokane, WA",red
185,0.6273761873094346,0.6273761873094346,1.2547523746188691,1.2547523746188691,,,0.6273761873094346,,0.6273761873094346,,0.6273761873094346,0.6273761873094346,0.6273761873094346,1.8821285619283035,,,,0.6273761873094346,,,,,,268.0,159394.0,168.13681819892844,"Springfield, IL",red
186,0.34816274519361334,,0.34816274519361334,0.6963254903872267,,,,,0.34816274519361334,0.6963254903872267,0.34816274519361334,,,0.34816274519361334,0.34816274519361334,2.0889764711616796,0.34816274519361334,1.0444882355808398,1.3926509807744534,2.7853019615489067,0.6963254903872267,0.34816274519361334,100.0,418.0,287222.0,145.53202749093037,"Springfield, MO",red
187,1.4218885523752647,1.4218885523752647,1.4218885523752647,,,,1.4218885523752647,,1.4218885523752647,1.4218885523752647,,,,,1.4218885523752647,,,,,,,,,152.0,70329.0,216.12705996104023,"St. Charles, MO",red
188,1.23734811551882,,,,1.23734811551882,,,2.47469623103764,1.23734811551882,,2.47469623103764,1.23734811551882,,,1.23734811551882,,1.23734811551882,2.47469623103764,2.47469623103764,,,,,169.0,80818.0,209.1118315226806,"St. Joseph, MO",red
189,0.32613552235495935,0.32613552235495935,1.3045420894198374,0.32613552235495935,0.6522710447099187,,,0.6522710447099187,0.32613552235495935,1.630677611774797,0.6522710447099187,,0.978406567064878,0.32613552235495935,0.978406567064878,0.6522710447099187,0.978406567064878,1.3045420894198374,0.6522710447099187,0.32613552235495935,0.32613552235495935,0.0,0.0,796.0,306621.0,259.60387579454766,"St. Paul, MN",blue
190,0.7597196634441892,,0.7597196634441892,0.3798598317220946,1.1395794951662837,0.7597196634441892,,0.3798598317220946,1.5194393268883783,1.1395794951662837,0.3798598317220946,1.1395794951662837,1.1395794951662837,2.2791589903325673,,0.3798598317220946,2.2791589903325673,0.7597196634441892,0.3798598317220946,0.7597196634441892,1.8992991586104726,1.1395794951662834,149.99999999999994,759.0,263255.0,288.3136122770698,"St. Petersburg, FL",red
191,1.0140265218636795,1.2675331523295992,0.7605198913977594,0.25350663046591987,,0.7605198913977594,0.7605198913977594,0.5070132609318397,0.7605198913977594,1.7745464132614388,0.25350663046591987,0.7605198913977594,1.5210397827955189,1.0140265218636795,1.5210397827955189,1.2675331523295992,1.7745464132614388,1.0140265218636795,,1.0140265218636795,0.7605198913977594,-0.25350663046592004,-25.000000000000018,610.0,394467.0,154.6390445842111,"Stockton, CA",blue
192,2.21638573977415,,,,,,1.108192869887075,,,,1.108192869887075,2.21638573977415,,,,2.21638573977415,,,,,,,,243.0,90237.0,269.29086738255927,"Suffolk, VA",blue
193,0.6508043942312699,0.6508043942312699,0.6508043942312699,,,,,0.6508043942312699,,,,0.6508043942312699,,1.3016087884625398,0.6508043942312699,1.9524131826938096,0.6508043942312699,1.3016087884625398,,,,,,278.0,153656.0,180.923621596293,"Sunnyvale, CA",blue
194,0.24554399043360614,0.24554399043360614,,,,,,,,0.4910879808672123,0.24554399043360614,0.7366319713008184,,0.24554399043360614,,,0.7366319713008184,0.9821759617344246,,0.4910879808672123,0.7366319713008184,0.4910879808672122,199.99999999999997,484.0,407259.0,118.84329136986537,"Syracuse, NY",blue
195,0.2852822868228112,0.0713205717057028,0.10698085755855417,0.0713205717057028,0.0356602858528514,0.21396171511710835,0.0356602858528514,,0.10698085755855417,0.0356602858528514,0.0356602858528514,0.178301429264257,0.0713205717057028,0.1426411434114056,0.10698085755855417,0.10698085755855417,0.178301429264257,0.0356602858528514,0.1426411434114056,0.21396171511710835,0.2496220009699598,-0.035660285852851414,-12.500000000000005,1212.0,2804240.0,43.220266453655896,"Tampa, FL",blue
196,1.0808590667862816,,0.5404295333931408,,,1.0808590667862816,,,,,,,,1.0808590667862816,1.0808590667862816,1.0808590667862816,1.6212886001794227,0.5404295333931408,1.6212886001794227,1.0808590667862816,0.5404295333931408,-0.5404295333931408,-50.0,493.0,185038.0,266.43175996281843,"Tempe, AZ",red
197,0.20463623862222513,0.40927247724445026,0.6139087158666754,0.20463623862222513,0.6139087158666754,0.20463623862222513,,0.20463623862222513,0.40927247724445026,1.0231811931111257,0.20463623862222513,0.8185449544889005,0.20463623862222513,0.20463623862222513,0.20463623862222513,0.20463623862222513,0.20463623862222513,0.40927247724445026,0.8185449544889005,0.20463623862222513,0.6139087158666754,0.40927247724445026,200.0,652.0,488672.0,133.4228275816908,"Toledo, OH",blue
198,0.6713211600429646,,2.6852846401718584,,,0.6713211600429646,1.3426423200859292,1.3426423200859292,0.6713211600429646,0.6713211600429646,,2.0139634801288935,2.0139634801288935,0.6713211600429646,0.6713211600429646,2.0139634801288935,2.6852846401718584,2.0139634801288935,1.3426423200859292,0.6713211600429646,2.0139634801288935,1.342642320085929,199.99999999999997,334.0,148960.0,224.22126745435017,"Topeka, KS",red
199,2.0175527085645113,,,,,,,,,2.0175527085645113,,,,,,2.0175527085645113,2.0175527085645113,,,,2.0175527085645113,0.0,0.0,139.0,49565.0,280.43982649046706,"Troy, NY",red
200,0.34546650068920565,0.5757775011486761,0.46062200091894084,0.11515550022973521,0.8060885016081466,0.8060885016081466,0.6909330013784113,0.46062200091894084,0.5757775011486761,0.9212440018378817,0.46062200091894084,0.9212440018378817,1.6121770032162932,1.2667105025270875,0.8060885016081466,0.46062200091894084,1.1515550022973522,0.6909330013784113,1.3818660027568226,0.46062200091894084,1.0363995020676169,0.6909330013784112,199.99999999999997,1168.0,868391.0,134.50162426833074,"Tucson, AZ",blue
201,0.5951902674487467,0.7439878343109334,0.5951902674487467,0.7439878343109334,0.7439878343109334,0.29759513372437335,0.44639270058656,0.29759513372437335,0.29759513372437335,0.5951902674487467,0.5951902674487467,1.1903805348974934,1.1903805348974934,0.5951902674487467,1.33917810175968,0.89278540117312,1.33917810175968,1.1903805348974934,1.0415829680353068,1.0415829680353068,0.89278540117312,0.2975951337243733,49.999999999999986,912.0,672054.0,135.70338097831424,"Tulsa, OK",red
202,0.9327662114767555,,,,,1.865532422953511,,,0.9327662114767555,,,,2.7982986344302665,,0.9327662114767555,,0.9327662114767555,,,,,,,117.0,107208.0,109.1336467427804,"Turlock, CA",blue
203,0.06755008670053628,0.2702003468021451,0.06755008670053628,0.20265026010160886,,0.06755008670053628,0.13510017340107255,0.13510017340107255,,0.06755008670053628,,0.06755008670053628,0.13510017340107255,0.13510017340107255,0.13510017340107255,0.13510017340107255,,,0.13510017340107255,0.13510017340107255,0.2702003468021451,0.20265026010160883,300.0,951.0,1480383.0,64.24013245221,"Virginia Beach, VA",red
204,1.48124009420687,,,0.740620047103435,,0.740620047103435,0.740620047103435,0.740620047103435,1.48124009420687,0.740620047103435,,0.740620047103435,1.48124009420687,,,,,0.740620047103435,,,0.740620047103435,-0.740620047103435,-50.0,235.0,135022.0,174.04571106930723,"Warren, MI",red
205,0.8923790826343031,,,,0.8923790826343031,,,,,1.7847581652686062,,,0.8923790826343031,0.8923790826343031,0.8923790826343031,,,,,0.8923790826343031,,,,133.0,112060.0,118.6864179903623,"Waterloo, IA",blue
206,2.5371695336682394,,,,,,,,,,,,2.5371695336682394,,,,,,,,7.611508601004719,5.07433906733648,200.00000000000006,84.0,39414.0,213.12224082813213,"Wentzville, MO",red
207,6.571813491933099,,3.2859067459665496,,,,,,,,,,,,,,,3.2859067459665496,,,,,,71.0,30433.0,233.29937896362503,"Westfield, NJ",blue
208,1.7728610431514378,0.8864305215757189,1.7728610431514378,1.7728610431514378,,,1.7728610431514378,,,2.6592915647271567,,,,,,,3.5457220863028756,2.6592915647271567,4.432152607878595,0.8864305215757189,2.6592915647271567,0.8864305215757189,50.0,247.0,112812.0,218.94833882920256,"Westminster, CO",blue
209,1.1515695893502844,1.1515695893502844,1.1515695893502844,3.4547087680508533,1.1515695893502844,,1.1515695893502844,,,,,1.1515695893502844,1.1515695893502844,1.1515695893502844,,1.1515695893502844,1.1515695893502844,1.1515695893502844,1.1515695893502844,3.4547087680508533,,,,167.0,86838.0,192.3121214214975,"Whittier, CA",blue
210,1.4335684385572567,,,,,1.4335684385572567,,,1.4335684385572567,,1.4335684385572567,,1.4335684385572567,,,,,,,,,,,79.0,69756.0,113.25190664602327,"Woodbury, MN",blue
211,0.8538069115669492,0.4269034557834746,1.2807103673504239,0.4269034557834746,0.8538069115669492,0.8538069115669492,0.4269034557834746,1.2807103673504239,0.8538069115669492,0.8538069115669492,0.4269034557834746,1.2807103673504239,0.8538069115669492,0.4269034557834746,,1.7076138231338984,1.2807103673504239,,0.8538069115669492,0.4269034557834746,,,,120.0,234245.0,51.22841469401695,"York, PA",red
212,7.454342154304882,7.454342154304882,,,,,3.727171077152441,3.727171077152441,,,,3.727171077152441,7.454342154304882,,,,,,,3.727171077152441,,,,61.0,26830.0,227.3574357062989,"Yukon, OK",red
